uniprot_id	Orig_AA	uniprot_posn	Mut_AA	Pfam_AA	Pfam_Pos	AlnPosition
P10721	T	670	I	l	77	32524
P00533	T	790	M	l	77	32524
P10721	V	654	A	v	61	32359
P00519	T	315	I	l	77	32524
P00519	G	250	E	e	9	32186
P00519	Y	253	H	f	12	32191
P00519	E	255	K	k	14	32193
Q9UM73	L	1196	M	l	77	32524
P16234	D	842	V	e	147	33065
P10721	N	822	K	k	153	33075
P10721	Y	823	D	NA	NA	33076
Q06187	C	481	S	e	84	32532
P00533	L	718	Q	l	7	32184
P00533	C	797	S	e	84	32532
P21802	N	549	K	r	62	32360
P21802	L	617	M	l	114	32701
Q9UM73	G	1202	R	g	83	32531
P10721	D	816	H	e	147	33065
P10721	D	820	Y	s	151	33073
P00519	F	317	L	y	79	32526
P21802	V	564	F	l	77	32524
Q06187	C	481	Y	e	84	32532
P11362	N	546	K	r	62	32360
P10721	N	822	Y	k	153	33075
Q9UM73	I	1171	N	l	52	32336
P36507	C	125	S	l	55	32341
P10721	D	820	G	s	151	33073
P15056	V	600	E	NA	NA	33062
P00533	G	796	D	g	83	32531
P00533	L	718	V	l	7	32184
P21802	E	565	A	e	78	32525
P21802	N	549	H	r	62	32360
P36888	F	691	L	l	77	32524
P36888	D	835	H	e	147	33065
P08581	Y	1230	H	e	149	33069
P00533	G	719	A	G	8	32185
P10721	D	820	E	s	151	33073
P00533	C	797	G	e	84	32532
P00533	L	792	F	y	79	32526
P21802	N	549	D	r	62	32360
Q06187	C	481	R	e	84	32532
P00533	L	792	H	y	79	32526
P36888	D	835	V	e	147	33065
P35968	L	840	F	l	7	32184
P04626	L	869	R	e	147	33065
P10721	D	816	E	e	147	33065
P10721	A	829	P	f	157	33243
P00533	G	796	R	g	83	32531
P00533	L	792	R	y	79	32526
P36507	N	126	D	k	56	32342
P00519	D	276	G	e	35	32290
Q9UM73	F	1174	L	l	55	32341
P10721	K	642	E	k	50	32331
P36507	F	57	C	NA	NA	32163
P00533	L	747	P	i	32	32284
P10721	C	809	G	t	140	33049
P22455	V	550	L	l	77	32524
P08581	D	1228	N	e	147	33065
Q02750	P	124	L	p	58	32352
P22455	V	550	M	l	77	32524
P21802	K	659	M	NA	NA	33236
Q9UM73	C	1156	Y	k	36	32291
Q02750	V	60	E	NA	NA	32170
P36888	D	835	Y	e	147	33065
Q9UM73	F	1174	V	l	55	32341
P15056	L	505	H	l	52	32336
P08581	Y	1230	C	e	149	33069
P00519	F	311	I	l	73	32516
P36888	D	835	X	e	147	33065
Q9UM73	S	1206	F	d	87	32542
Q02750	G	128	V	r	62	32360
Q02750	C	121	S	l	55	32341
P08581	D	1228	V	e	147	33065
P08581	Y	1230	S	e	149	33069
P00533	L	792	V	y	79	32526
P21802	N	549	T	r	62	32360
P00533	G	796	S	g	83	32531
P00533	L	792	P	y	79	32526
P10721	N	655	T	r	62	32360
P21802	K	641	R	K	138	33047
P00533	D	761	Y	r	47	32328
P21802	L	617	V	l	114	32701
Q02750	G	128	D	r	62	32360
Q02750	P	124	S	p	58	32352
Q02750	E	203	K	e	136	33036
P36507	E	207	K	e	136	33036
P36507	L	46	F	NA	NA	32152
P10721	D	716	N	NA	NA	32605
Q02750	K	57	E	NA	NA	32167
P08581	D	1228	H	e	147	33065
P21802	M	537	I	i	51	32334
P10721	D	816	G	e	147	33065
Q02750	K	57	N	NA	NA	32167
P36507	Q	60	P	NA	NA	32166
P36888	D	835	I	e	147	33065
P21802	M	538	L	l	52	32336
Q02750	K	57	T	NA	NA	32167
