Gene,Orig_AA,Position,Mutated_AA,n
EGFR,T,790,M,67
EGFR,C,797,S,26
EGFR_ENST00000454757,C,752,S,20
EGFR_ENST00000455089,C,752,S,20
EGFR_ENST00000454757,T,745,M,18
EGFR_ENST00000455089,T,745,M,18
KIT,V,654,A,13
BTK_ENST00000308731,C,481,S,7
BTK_ENST00000618050,C,481,S,7
BTK,C,515,S,7
EGFR_ENST00000454757,L,747,F,7
EGFR_ENST00000455089,L,747,F,7
EGFR,L,792,F,7
FGFR2_ENST00000358487,N,549,K,6
FGFR2_ENST00000358487,V,564,F,6
FLT3,D,835,H,6
KIT,N,822,K,6
EGFR_ENST00000454757,L,673,Q,5
EGFR_ENST00000454757,L,747,H,5
EGFR_ENST00000455089,L,673,Q,5
EGFR_ENST00000455089,L,747,H,5
EGFR,L,718,Q,5
EGFR,L,792,H,5
KIT,D,816,H,5
ABL1_ENST00000318560,F,317,L,4
ABL1_ENST00000318560,Y,253,H,4
FGFR2_ENST00000358487,E,565,A,4
FLT3,D,835,Y,4
KIT,D,820,Y,4
ABL1_ENST00000318560,G,250,E,3
EGFR_ENST00000454757,C,752,G,3
EGFR_ENST00000454757,L,673,V,3
EGFR_ENST00000455089,C,752,G,3
EGFR_ENST00000455089,L,673,V,3
EGFR,C,797,G,3
EGFR,L,718,V,3
FGFR2_ENST00000358487,K,659,M,3
FGFR2_ENST00000358487,N,549,D,3
FGFR2_ENST00000358487,N,549,H,3
KIT,A,829,P,3
KIT,D,820,G,3
KIT,N,822,Y,3
ABL1_ENST00000318560,T,315,I,2
AC058822.1,D,602,V,2
EGFR_ENST00000454757,G,674,A,2
EGFR_ENST00000454757,L,747,R,2
EGFR_ENST00000455089,G,674,A,2
EGFR_ENST00000455089,L,747,R,2
EGFR,G,719,A,2
EGFR,L,792,R,2
FGFR2_ENST00000346997,E,563,A,2
FGFR2_ENST00000351936,E,565,A,2
FGFR2_ENST00000356226,E,448,A,2
FGFR2_ENST00000357555,E,476,A,2
FGFR2_ENST00000358487,K,641,R,2
FGFR2_ENST00000358487,L,617,V,2
FGFR2_ENST00000358487,M,537,I,2
FGFR2_ENST00000360144,E,477,A,2
FGFR2_ENST00000369056,E,566,A,2
FGFR2_ENST00000369059,E,451,A,2
FGFR2_ENST00000369060,E,449,A,2
FGFR2_ENST00000369061,E,453,A,2
FGFR2_ENST00000478859,E,337,A,2
FGFR2_ENST00000613048,E,476,A,2
FGFR2,E,566,A,2
FLT3,F,691,L,2
KDR_ENST00000263923,L,840,F,2
KDR,L,840,F,2
KIT,D,820,E,2
KIT,Y,823,D,2
MAP2K1,C,121,S,2
MAP2K1,P,124,L,2
PDGFRA,D,842,V,2
ABL1_ENST00000318560,F,311,I,1
ABL1,F,336,L,1
ALK_ENST00000618119,C,779,Y,1
ALK_ENST00000618119,F,797,L,1
ALK_ENST00000642122,C,88,Y,1
ALK_ENST00000642122,F,106,L,1
ALK,C,1156,Y,1
ALK,F,1174,L,1
ALK,G,1202,R,1
ALK,L,1196,M,1
BRAF_ENST00000288602,L,545,H,1
BRAF_ENST00000288602,V,640,E,1
BRAF_ENST00000496384,L,505,H,1
BRAF_ENST00000496384,V,600,E,1
BRAF_ENST00000644969,L,545,H,1
BRAF_ENST00000644969,V,640,E,1
BRAF,L,505,H,1
BRAF,V,600,E,1
BTK_ENST00000308731,C,481,R,1
BTK_ENST00000308731,C,481,Y,1
BTK_ENST00000618050,C,481,R,1
BTK_ENST00000618050,C,481,Y,1
BTK,C,515,R,1
BTK,C,515,Y,1
EGFR_ENST00000454757,D,716,Y,1
EGFR_ENST00000454757,G,751,R,1
EGFR_ENST00000454757,G,751,S,1
EGFR_ENST00000454757,L,747,P,1
EGFR_ENST00000454757,L,747,V,1
EGFR_ENST00000455089,D,716,Y,1
EGFR_ENST00000455089,G,751,R,1
EGFR_ENST00000455089,G,751,S,1
EGFR_ENST00000455089,L,747,P,1
EGFR_ENST00000455089,L,747,V,1
EGFR,D,761,Y,1
EGFR,G,796,D,1
EGFR,G,796,R,1
EGFR,G,796,S,1
EGFR,L,792,P,1
EGFR,L,792,V,1
FGFR2_ENST00000346997,L,615,M,1
FGFR2_ENST00000346997,M,535,I,1
FGFR2_ENST00000346997,N,547,H,1
FGFR2_ENST00000346997,N,547,K,1
FGFR2_ENST00000351936,L,617,M,1
FGFR2_ENST00000351936,M,537,I,1
FGFR2_ENST00000351936,N,549,H,1
FGFR2_ENST00000351936,N,549,K,1
FGFR2_ENST00000356226,L,500,M,1
FGFR2_ENST00000356226,M,420,I,1
FGFR2_ENST00000356226,N,432,H,1
FGFR2_ENST00000356226,N,432,K,1
FGFR2_ENST00000357555,L,528,M,1
FGFR2_ENST00000357555,M,448,I,1
FGFR2_ENST00000357555,N,460,H,1
FGFR2_ENST00000357555,N,460,K,1
FGFR2_ENST00000358487,L,617,M,1
FGFR2_ENST00000358487,M,538,L,1
FGFR2_ENST00000358487,N,549,T,1
FGFR2_ENST00000360144,L,529,M,1
FGFR2_ENST00000360144,M,449,I,1
FGFR2_ENST00000360144,N,461,H,1
FGFR2_ENST00000360144,N,461,K,1
FGFR2_ENST00000369056,L,618,M,1
FGFR2_ENST00000369056,M,538,I,1
FGFR2_ENST00000369056,N,550,H,1
FGFR2_ENST00000369056,N,550,K,1
FGFR2_ENST00000369059,L,503,M,1
FGFR2_ENST00000369059,M,423,I,1
FGFR2_ENST00000369059,N,435,H,1
FGFR2_ENST00000369059,N,435,K,1
FGFR2_ENST00000369060,L,501,M,1
FGFR2_ENST00000369060,M,421,I,1
FGFR2_ENST00000369060,N,433,H,1
FGFR2_ENST00000369060,N,433,K,1
FGFR2_ENST00000369061,L,505,M,1
FGFR2_ENST00000369061,M,425,I,1
FGFR2_ENST00000369061,N,437,H,1
FGFR2_ENST00000369061,N,437,K,1
FGFR2_ENST00000478859,L,389,M,1
FGFR2_ENST00000478859,M,309,I,1
FGFR2_ENST00000478859,N,321,H,1
FGFR2_ENST00000478859,N,321,K,1
FGFR2_ENST00000613048,L,528,M,1
FGFR2_ENST00000613048,M,448,I,1
FGFR2_ENST00000613048,N,460,H,1
FGFR2_ENST00000613048,N,460,K,1
FGFR2,L,618,M,1
FGFR2,M,538,I,1
FGFR2,N,550,H,1
FGFR2,N,550,K,1
FLT3,D,835,X,1
KIT,C,809,G,1
KIT,D,816,E,1
KIT,D,816,G,1
KIT,N,655,T,1
KIT,T,670,I,1
MAP2K1,G,128,V,1
MAP2K1,K,57,N,1
MAP2K1,P,124,S,1
MAP2K1,V,60,E,1
MAP2K2_ENST00000394867,C,28,S,1
MAP2K2_ENST00000394867,N,29,D,1
MAP2K2,C,125,S,1
MAP2K2,L,46,F,1
MAP2K2,N,126,D,1
MAP2K2,Q,60,P,1
MAP2K2,V,35,M,1
MET_ENST00000397752,D,1228,V,1
MET,D,1246,V,1
