Gene.Name	Mutation.x	Orig_AA	Position_AA	Mut_AA	AlnPosition.x	Mutation.y	orthologs_score	exclParalogs_score	specParalogs_score	allHomologs_score	res_list
PDGFRA	D842V	D	842	V	6863	V	-5.3772	-4.46355	-6.58838	-4.52262	R
FGFR2	N550H	N	550	H	6596	H	-1.61045	-2.0591	-3.94864	-2.09169	R
EGFR	T790M	T	790	M	6639	M	0.25508	-7.2025	-3.37728	-1.36192	R
KIT	D816H	D	816	H	6863	H	-3.34065	-3.28835	-4.3803	-3.3107	R
ALK	G1202R	G	1202	R	6645	R	-5.16603	-5.63087	-7.82447	-5.65267	R
EGFR	C797S	C	797	S	6646	S	-1.24933	-1.6718	-1.62577	-1.52474	R
KIT	D820Y	D	820	Y	6867	Y	-4.13533	-2.38617	-3.26066	-2.42371	R
BTK	C515S	C	515	S	6646	S	-2.59186	2.7561	0.2624	1.91695	R
EGFR	L718V	L	718	V	6474	V	-2.74616	-4.5559	-2.24948	-4.75046	R
KIT	V654A	V	654	A	6595	A	-4.14176	-4.52908	-4.87534	-4.54248	R
ABL1	T334I	T	334	I	6639	I	-4.78174	-3.521	-3.22676	-3.61477	R
KIT	N822Y	N	822	Y	6869	Y	-4.18985	2.15127	0.26784	2.07154	R
KIT	N822K	N	822	K	6869	K	-2.67307	-2.80225	-1.88723	-2.87411	R
KIT	K642E	K	642	E	6577	E	-4.13238	-0.07945	-0.56913	-0.10764	R
KIT	Y823D	Y	823	D	6870	D	-7.24032	-8.99657	-8.71124	-9.02997	R
ALK	L1196M	L	1196	M	6639	M	-0.38192	3.25094	2.60657	3.16151	R
EGFR	L792F	L	792	F	6641	F	-1.69853	-1.54778	-0.61336	-1.73514	R
KIT	T670I	T	670	I	6639	I	-2.00021	-0.03204	0.4027	-0.13606	R
BTK	C515R	C	515	R	6646	R	-7.89151	-3.69215	-2.09295	-4.56339	R
EGFR	L718Q	L	718	Q	6474	Q	-5.55666	-7.73903	-4.01615	-7.65963	R
KIT	A829P	A	829	P	6912	P	-3.58891	-3.26281	-2.87024	-3.32328	R
KIT	D820G	D	820	G	6867	G	-3.34594	-1.34872	-1.40169	-1.3824	R
EGFR	C797G	C	797	G	6646	G	-3.94907	-5.19109	-3.20349	-5.40423	R
KIT	D816E	D	816	E	6863	E	-2.56125	-2.85127	-2.49386	-2.87487	R
MET	Y1248S	Y	1248	S	6865	S	-5.17723	-3.34816	-3.51285	-4.51947	R
MET	D1246N	D	1246	N	6863	N	-4.178	-3.10187	-2.80546	-4.04406	R
BRAF	V600E	V	600	E	6860	E	-4.379	-0.63694	-0.95023	-0.87322	R
FLT3	D835Y	D	835	Y	6863	NA	NA	NA	NA	NA	R
MET	Y1248H	Y	1248	H	6865	H	-4.76179	-2.95965	-2.67411	-4.35754	R
ERBB2	S310Y	S	310	Y	6056	Y	-2.18459	-1.33331	-3.65673	-1.83874	R
KIT	C809G	C	809	G	6850	G	-5.39056	-2.42399	-4.15411	-2.48369	R
ALK	C1156Y	C	1156	Y	6557	Y	-4.62821	-0.8857	-3.78355	-1.45526	R
MET	Y1248C	Y	1248	C	6865	C	-5.76044	-3.12003	-3.49917	-4.28366	R
EGFR	L792P	L	792	P	6641	P	-3.25059	-6.32001	-3.42164	-5.29876	R
EGFR	L747P	L	747	P	6553	P	-4.78491	-7.43708	-4.26859	-6.66955	R
KIT	D820E	D	820	E	6867	E	-2.28911	-1.87571	-1.37078	-1.91355	R
ERBB2	L869R	L	869	R	6863	R	-3.02361	-8.16398	-3.98709	-5.05714	R
FLT3	D835V	D	835	V	6863	NA	NA	NA	NA	NA	R
EGFR	G796D	G	796	D	6645	D	-3.70022	-8.29026	-4.09735	-5.73359	R
FLT3	D835H	D	835	H	6863	NA	NA	NA	NA	NA	R
FGFR2	E566A	E	566	A	6640	A	-5.52689	-5.49856	-6.80576	-5.5646	R
ABL1	F336L	F	336	L	6641	L	-7.01718	-1.48025	-1.92258	-1.63141	R
ALK	F1174V	F	1174	V	6583	V	-3.05981	-1.37594	-1.61745	-1.47263	R
EGFR	G796R	G	796	R	6645	R	-3.23419	-6.32281	-4.57708	-4.54732	R
ABL1	D295G	D	295	G	6556	G	-5.27555	2.68786	-0.41759	1.45969	R
FGFR2	V396D	V	396	D	6379	D	-4.76544	-5.89422	-2.80252	-6.1118	R
MET	D1246V	D	1246	V	6863	V	-3.72303	-5.56322	-4.91787	-4.41255	R
BTK	C515Y	C	515	Y	6646	Y	-8.3296	-2.21268	-2.908	-3.06793	R
FGFR1	N577K	N	577	K	6596	K	-1.19347	-2.31186	-1.7026	-2.30123	R
FGFR2	L618M	L	618	M	6796	M	-0.7242	-3.01734	-3.71984	-2.84113	R
KIT	D816G	D	816	G	6863	G	-3.79388	-4.47776	-3.65198	-4.49412	R
EGFR	G796S	G	796	S	6645	S	-4.41808	-7.75177	-3.7647	-6.55214	R
FGFR4	V550M	V	550	M	6639	M	0.15167	-0.07821	-1.9777	-0.09965	R
EGFR	G719A	G	719	A	6475	A	-2.93125	-8.5675	-3.64491	-4.26295	R
EGFR	L792H	L	792	H	6641	H	-2.35441	-5.01445	-2.04105	-4.36	R
FLT3	F691L	F	691	L	6639	NA	NA	NA	NA	NA	R
KDR	L840F	L	840	F	6474	NA	NA	NA	NA	NA	R
EGFR	L792R	L	792	R	6641	R	-2.54295	-6.12698	-2.78206	-4.96258	R
FLT3	D835I	D	835	I	6863	NA	NA	NA	NA	NA	R
EGFR	D761Y	D	761	Y	6574	Y	-3.13815	-5.51134	-4.65449	-4.70759	R
MET	D1246H	D	1246	H	6863	H	-4.85209	-3.82616	-3.52051	-4.69687	R
FLT3	D835X	D	835	X	6863	NA	NA	NA	NA	NA	R
EGFR	L792V	L	792	V	6641	V	-1.89606	-4.09238	-1.61865	-3.26058	R
FGFR4	V550L	V	550	L	6639	L	-0.59588	-1.34426	-1.53126	-1.34446	R
BRAF	L505H	L	505	H	6580	H	-3.47325	-4.57532	-6.74546	-4.6185	R
KIT	N655T	N	655	T	6596	T	-3.18875	-3.80283	-4.59441	-3.82173	R
ALK	I1171N	I	1171	N	6580	N	-3.87336	-2.66033	-6.31683	-2.8232	R
ALK	F1174L	F	1174	L	6583	L	-1.64485	1.26425	0.63722	1.1617	R
KIT	D716N	D	716	N	6705	N	-1.67217	-0.36691	-0.45005	-0.66099	R
FGFR2	N550K	N	550	K	6596	K	-1.85754	-2.24424	-1.7026	-2.30123	R
ALK	S1206F	S	1206	F	6650	F	-4.01897	-2.90423	-2.90472	-2.95321	R
