#Acc	Gene	Pfam_Position	Pfam_Residue	PTM_type
P00519	ABL1	Y253-p	12	f12
P00519	ABL1	Y257-p	16	y16
P00519	ABL1	Y393-p	154	l154
P00519-2	ABL1	Y412-p	154	l154
P31749	AKT1	Y176-p	27	v27
P31749	AKT1	T308-p	156	s156
P31749	AKT1	Y315-p	163	Y163
P31749	AKT1	Y326-p	174	y174
P31751	AKT2	T309-p	156	s156
Q9Y243	AKT3	T305-p	156	s156
Q9UM73	ALK	Y1278-p	149	e149
Q9UM73	ALK	Y1282-p	153	k153
Q9UM73	ALK	Y1283-p	154	l154
Q9UM73	ALK	Y1359-p	238	k238
Q13131	PRKAA1	S172-p	145	a145
Q13131	PRKAA1	T183-p	156	s156
P54646	PRKAA2	T172-p	156	s156
P54646	PRKAA2	S173-p	157	f157
P42684	ABL2	Y439-p	154	l154
Q99683	MAP3K5	T838-p	156	s156
Q99683	MAP3K5	T842-p	160	t160
O14965	AURKA	T287-p	155	t155
O14965	AURKA	T288-p	156	s156
Q96GD4	AURKB	T232-p	156	s156
Q96GD4	AURKB	T236-p	160	t160
Q9UQB9	AURKC	T198-p	156	s156
P30530	AXL	Y702-p	153	k153
P30530	AXL	Y779-p	238	k238
P15056	BRAF	S465-p	9	e9
P15056	BRAF	S467-p	11	s11
P15056	BRAF	T599-p	146	k146
P15056	BRAF	S614-p	158	v158
Q13882	PTK6	Y342-p	153	k153
Q8TDC3	BRSK1	T189-p	156	s156
Q8TDC3-2	BRSK1	T205-p	156	s156
Q8IWQ3	BRSK2	T174-p	156	s156
Q8IWQ3	BRSK2	T260-p	254	t254
Q06187	BTK	Y551-p	154	l154
Q14012	CAMK1	T177-p	156	s156
Q6P2M8	PNCK	T171-p	156	s156
Q16566	CAMK4	T200-p	156	s156
O00311	CDC7	T376-p	160	t160
P06493	CDK1	T14-p	11	s11
P06493	CDK1	Y15-p	12	f12
P06493	CDK1	S39-p	36	k36
P06493	CDK1	T161-p	155	t155
P24941	CDK2	T14-p	11	s11
P24941	CDK2	Y15-p	12	f12
P24941	CDK2	T160-p	155	t155
P11802	CDK4	T172-p	155	t155
Q00535	CDK5	Y15-p	12	f12
Q00535	CDK5	S159-p	155	t155
Q00534	CDK6	T177-p	155	t155
P50613	CDK7	S164-p	150	s150
P50613	CDK7	T170-p	155	t155
P50750	CDK9	S175-p	149	e149
P50750	CDK9	T186-p	155	t155
O76039	CDKL5	Y171-p	157	f157
O96017	CHEK2	T378-p	151	s151
O96017	CHEK2	S379-p	152	s152
O96017	CHEK2	T383-p	156	s156
O96017	CHEK2	T387-p	160	t160
O96017	CHEK2	T389-p	162	e162
O96017	CHEK2	T432-p	202	g202
P68400	CSNK2A1	Y255-p	226	k226
P41279	MAP3K8	T290-p	160	t160
P41240	CSK	S364-p	175	s175
O43293	DAPK3	T225-p	209	e209
O43293	DAPK3	T265-p	254	t254
Q08345	DDR1	Y796-p	153	k153
Q9Y463	DYRK1B	Y271-p	155	t155
Q9Y463	DYRK1B	Y273-p	157	f157
P00533	EGFR	Y727-p	16	y16
P00533	EGFR	Y764-p	50	k50
P00533	EGFR	S768-p	54	k54
P29320	EPHA3	Y779-p	154	l154
P54762	EPHB1	Y778-p	154	l154
P27361	MAPK3	T202-p	155	t155
P27361	MAPK3	Y204-p	157	f157
P27361	MAPK3	Y210-p	163	Y163
P28482	MAPK1	T185-p	155	t155
P28482	MAPK1	Y187-p	157	f157
P28482	MAPK1	T190-p	160	t160
P28482	MAPK1	S248-p	223	t223
Q16659	MAPK6	S189-p	155	t155
Q13164	MAPK7	T219-p	155	t155
Q13164	MAPK7	Y221-p	157	f157
Q8TD08	MAPK15	T175-p	155	t155
Q8TD08	MAPK15	Y177-p	157	f157
P51813	BMX	Y566-p	154	l154
Q05397	PTK2	Y576-p	153	k153
Q05397	PTK2	Y577-p	154	l154
P16591	FER	Y714-p	153	k153
P07332	FES	Y713-p	153	k153
P11362	FGFR1	Y653-p	153	k153
P11362	FGFR1	Y730-p	238	k238
P22607	FGFR3	Y647-p	153	k153
P22607	FGFR3	Y724-p	238	k238
P09769	FGR	Y412-p	154	l154
P36888	FLT3	Y793-p	105	k105
P06241	FYN	Y420-p	154	l154
P49840	GSK3A	Y279-p	157	f157
P49841	GSK3B	Y216-p	157	f157
P08631	HCK	Y411-p	154	l154
O95819	MAP4K4	T191-p	160	t160
Q9H2X6	HIPK2	Y361-p	157	f157
Q92918	MAP4K1	T165-p	151	s151
Q92918	MAP4K1	S171-p	156	s156
Q92918	MAP4K1	T175-p	160	t160
Q9UPZ9	CILK1	T157-p	155	t155
P08069	IGF1R	Y1161-p	149	e149
P08069	IGF1R	Y1165-p	153	k153
O15111	CHUK	T23-p	9	e9
O15111	CHUK	S176-p	152	s152
O15111	CHUK	S180-p	156	s156
O14920	IKBKB	S177-p	152	s152
O14920	IKBKB	S181-p	156	s156
O14920	IKBKB	Y188-p	163	Y163
O14920	IKBKB	Y199-p	174	y174
Q14164	IKBKE	S172-p	156	s156
Q13418	ILK	S246-p	56	k56
Q13418	ILK	S343-p	145	a145
P06213	INSR	S1033-p	11	s11
P06213	INSR	S1062-p	35	e35
P06213	INSR	S1064-p	37	a37
P06213	INSR	Y1185-p	149	e149
P06213	INSR	Y1189-p	153	k153
P51617	IRAK1	T387-p	160	t160
Q9NWZ3	IRAK4	T345-p	154	l154
Q9NWZ3	IRAK4	S346-p	155	t155
Q08881	ITK	Y512-p	154	l154
P45983	MAPK8	T183-p	155	t155
P45983	MAPK8	Y185-p	157	f157
P45983-2	MAPK8	T183-p	155	t155
P45983-2	MAPK8	Y185-p	157	f157
P45983-3	MAPK8	T183-p	155	t155
P45983-3	MAPK8	Y185-p	157	f157
P45984	MAPK9	T183-p	155	t155
P45984	MAPK9	Y185-p	157	f157
P53779	MAPK10	T221-p	155	t155
P53779	MAPK10	Y223-p	157	f157
O95835	LATS1	S909-p	156	s156
Q9NRM7	LATS2	S872-p	156	s156
P06239	LCK	Y394-p	154	l154
P53667	LIMK1	T508-p	156	s156
P53671	LIMK2	T505-p	156	s156
Q15831	STK11	T189-p	136	e136
Q15831	STK11	S307-p	262	p262
Q5S007	LRRK2	T2031-p	156	s156
Q5S007	LRRK2	S2032-p	157	f157
Q5S007	LRRK2	T2035-p	160	t160
P07948	LYN	Y397-p	154	l154
P49137	MAPKAPK2	T222-p	156	s156
Q8IW41	MAPKAPK5	T182-p	156	s156
Q9P0L2	MARK1	T215-p	156	s156
Q7KZI7	MARK2	T208-p	156	s156
Q7KZI7	MARK2	S212-p	160	t160
P27448	MARK3	T211-p	156	s156
P27448	MARK3	S215-p	160	t160
Q02750	MAP2K1	S212-p	145	a145
Q02750	MAP2K1	S218-p	151	s151
Q02750	MAP2K1	S222-p	156	s156
Q02750	MAP2K1	T286-p	226	k226
Q02750	MAP2K1	T292-p	232	e232
P36507	MAP2K2	S216-p	145	a145
P36507	MAP2K2	S222-p	151	s151
P36507	MAP2K2	S226-p	156	s156
Q13163	MAP2K5	S311-p	151	s151
Q13163	MAP2K5	T315-p	156	s156
Q99759	MAP3K3	T516-p	150	s150
Q99759	MAP3K3	S526-p	156	s156
Q14680	MELK	T167-p	156	s156
Q14680	MELK	S171-p	160	t160
P08581	MET	Y1230-p	149	e149
P08581	MET	Y1234-p	153	k153
P08581	MET	Y1313-p	238	k238
P46734	MAP2K3	S218-p	151	s151
P46734	MAP2K3	T222-p	155	t155
P45985	MAP2K4	S257-p	151	s151
P45985	MAP2K4	T261-p	155	t155
P52564	MAP2K6	S207-p	151	s151
P52564	MAP2K6	T211-p	155	t155
O14733	MAP2K7	S271-p	151	s151
Q16584	MAP3K11	T277-p	151	s151
Q16584	MAP3K11	S281-p	156	s156
Q8NB16	MLKL	T357-p	149	e149
Q8NB16	MLKL	S358-p	150	s150
Q9BUB5	MKNK1	T255-p	156	s156
Q9BUB5-2	MKNK1	T214-p	156	s156
O75716	STK16	S197-p	162	e162
O75716	STK16	Y198-p	163	Y163
O75582	RPS6KA5	T581-p	156	s156
O75676	RPS6KA4	S196-p	156	s156
Q13043	STK4	T120-p	94	s94
Q13043	STK4	T177-p	151	s151
Q13043	STK4	T183-p	156	s156
Q13188	STK3	T117-p	94	s94
Q13188	STK3	T180-p	156	s156
Q9Y6E0	STK24	T190-p	156	s156
Q9P289	STK26	T178-p	156	s156
Q8NEV4	MYO3A	T178-p	151	s151
Q8NEV4	MYO3A	T184-p	156	s156
Q15208	STK38	S281-p	156	s156
Q9Y2H1	STK38L	S282-p	156	s156
Q96PY6	NEK1	T141-p	136	e136
Q9HC98	NEK6	T202-p	153	k153
Q9HC98	NEK6	S206-p	156	s156
Q8TDX7	NEK7	S195-p	156	s156
Q8TD19	NEK9	T210-p	156	s156
Q99558	MAP3K14	T559-p	160	t160
O60285	NUAK1	T211-p	156	s156
O95747	OXSR1	T185-p	156	s156
Q16539	MAPK14	T180-p	155	t155
Q16539	MAPK14	Y182-p	157	f157
Q15759	MAPK11	T180-p	155	t155
O15264	MAPK13	T180-p	155	t155
O15264	MAPK13	Y182-p	157	f157
P23443	RPS6KB1	T252-p	156	s156
P23443-2	RPS6KB1	T229-p	156	s156
Q15418	RPS6KA1	S221-p	156	s156
Q15418	RPS6KA1	T573-p	156	s156
Q13153	PAK1	Y285-p	16	y16
Q13153	PAK1	T423-p	156	s156
Q13177	PAK2	T402-p	156	s156
O96013	PAK4	S474-p	156	s156
Q9P286	PAK5	S602-p	156	s156
Q9NQU5	PAK6	S560-p	156	s156
Q96KB5	PBK	Y74-p	37	a37
O15530	PDPK1	S241-p	156	s156
Q9NZJ5	EIF2AK3	T982-p	155	t155
P17612	PRKACA	T198-p	156	s156
P05771	PRKCB	T500-p	156	s156
Q05655	PRKCD	S359-p	11	s11
Q05655	PRKCD	Y374-p	26	i26
Q05655	PRKCD	T507-p	156	s156
Q05655	PRKCD	Y525-p	174	y174
Q05655	PRKCD	Y567-p	229	e229
Q02156	PRKCE	T566-p	156	s156
P05129	PRKCG	T514-p	156	s156
P41743	PRKCI	T412-p	156	s156
Q04759	PRKCQ	T538-p	156	s156
Q05513	PRKCZ	T410-p	156	s156
Q16512	PKN1	T774-p	156	s156
Q16513	PKN2	T816-p	156	s156
Q6P5Z2	PKN3	T718-p	156	s156
P19525	EIF2AK2	T446-p	155	t155
P19525	EIF2AK2	T451-p	160	t160
P53350	PLK1	S137-p	84	e84
P53350	PLK1	T210-p	156	s156
O00444	PLK4	T170-p	156	s156
Q15139	PRKD1	S738-p	152	s152
Q15139	PRKD1	S742-p	156	s156
Q9BZL6	PRKD2	S706-p	152	s152
Q9BZL6	PRKD2	S710-p	156	s156
O94806	PRKD3	S731-p	152	s152
O94806	PRKD3	S735-p	156	s156
Q14289	PTK2B	Y579-p	153	k153
Q14289	PTK2B	Y580-p	155	t155
Q9H0K1	SIK2	S90-p	71	d71
Q9H0K1	SIK2	T175-p	156	s156
Q9Y2K2	SIK3	T221-p	156	s156
P04049	RAF1	S471-p	126	p126
P04049	RAF1	T491-p	146	k146
P04049	RAF1	S497-p	149	e149
P04049	RAF1	S499-p	151	s151
P07949	RET	Y791-p	64	y64
P07949	RET	Y809-p	82	g82
P07949	RET	Y900-p	149	e149
P07949	RET	Y928-p	174	y174
P07949	RET	Y952-p	197	f197
P07949	RET	Y981-p	238	k238
Q13546	RIPK1	S166-p	151	s151
O43353	RIPK2	S176-p	151	s151
Q9Y572	RIPK3	S227-p	204	e204
Q04912	MST1R	Y1238-p	153	k153
P51812	RPS6KA3	S227-p	156	s156
P51812	RPS6KA3	Y488-p	72	e72
P51812	RPS6KA3	Y529-p	113	y113
P51812	RPS6KA3	T577-p	156	s156
Q15349	RPS6KA2	S218-p	156	s156
Q9UK32	RPS6KA6	S232-p	156	s156
O00141	SGK1	T256-p	156	s156
Q96BR1	SGK3	T320-p	156	s156
P57059	SIK1	T182-p	156	s156
Q9H2G2	SLK	T183-p	151	s151
Q9H2G2	SLK	S189-p	156	s156
P12931	SRC	Y419-p	154	l154
Q9UEW8	STK39	T231-p	156	s156
O43318	MAP3K7	T178-p	144	l144
O43318	MAP3K7	T184-p	150	s150
O43318	MAP3K7	T187-p	155	t155
O43318	MAP3K7	S192-p	160	t160
Q9UHD2	TBK1	S172-p	156	s156
P37173	TGFBR2	Y259-p	16	y16
P37173	TGFBR2	Y284-p	37	a37
P37173	TGFBR2	Y336-p	88	l88
P37173	TGFBR2	Y424-p	163	Y163
Q02763	TEK	Y992-p	151	s151
P04629	NTRK1	Y680-p	153	k153
P04629-2	NTRK1	Y674-p	153	k153
Q16620	NTRK2	Y706-p	153	k153
P33981	TTK	T564-p	41	k41
P33981	TTK	T675-p	152	s152
P33981	TTK	T676-p	153	k153
P33981	TTK	T686-p	160	t160
P35968	KDR	Y996-p	91	r91
P35968	KDR	Y1054-p	149	e149
P35916	FLT4	Y1063-p	149	e149
Q9H4A3	WNK1	S382-p	156	s156
P07947	YES1	Y426-p	154	l154
O00506	STK25	T174-p	156	s156
Q96GD4	AURKB	K215-ac	138	K138
P06493	CDK1	K33-ac	30	K30
P24941	CDK2	K33-ac	30	K30
P50750	CDK9	K35-ac	17	k17
P50750	CDK9	K44-ac	26	i26
P50750	CDK9	K48-ac	30	K30
P50750	CDK9	K49-ac	31	k31
P50750	CDK9	K56-ac	38	k38
P50750	CDK9	K68-ac	50	k50
P50750	CDK9	K74-ac	56	k56
P50750	CDK9	K127-ac	101	k101
P50750	CDK9	K164-ac	138	K138
P50750	CDK9	K178-ac	152	s152
O96017	CHEK2	K235-ac	16	y16
O96017	CHEK2	K249-ac	30	K30
P68400	CSNK2A1	K102-ac	68	e68
P27361	MAPK3	K72-ac	31	k31
P49841	GSK3B	K205-ac	146	k146
O15111	CHUK	S119-ac	98	e98
O15111	CHUK	T179-ac	155	t155
O14920	IKBKB	T180-ac	155	t155
Q15831	STK11	K64-ac	16	y16
Q15831	STK11	K96-ac	46	l46
Q15831	STK11	K97-ac	47	r47
Q15831	STK11	K296-ac	251	k251
Q02750	MAP2K1	K175-ac	109	e109
P36507	MAP2K2	S222-ac	151	s151
P36507	MAP2K2	S226-ac	156	s156
P52564	MAP2K6	S207-ac	151	s151
P52564	MAP2K6	T211-ac	155	t155
Q13043	STK4	K35-ac	6	k6
Q16539	MAPK14	K53-ac	30	K30
Q16539	MAPK14	K152-ac	125	K125
O00444	PLK4	K45-ac	34	k34
O00444	PLK4	K46-ac	35	e35
Q9H0K1	SIK2	K53-ac	34	k34
P12931	SRC	K426-ac	161	s161
P12931	SRC	K430-ac	162	e162
P50750	CDK9	K21-me	3	k3
P50750	CDK9	K35-me	17	k17
P50750	CDK9	R86-me	68	e68
P50750	CDK9	K127-me	101	k101
P00533	EGFR	K745-m1	30	K30
P27361	MAPK3	K302-m3	236	e236
P36888	FLT3	R655-m2	41	k41
P36888	FLT3	R707-m2	93	g93
Q13043	STK4	K59-m2	30	K30
Q16539	MAPK14	R49-me	26	i26
Q16539	MAPK14	R70-me	47	r47
Q16539	MAPK14	R149-me	122	r122
O96013	PAK4	K473-me	155	t155
P53350	PLK1	K191-m2	138	K138
P53350	PLK1	K209-me	155	t155
P53350	PLK1	K209-m1	155	t155
P33981	TTK	K708-me	171	e171
P17948	FLT1	K831-me	5	e5
P17948	FLT1	K831-m2	5	e5
