homolog	mutType	acc	mutation	score
orth	A	P00519	A337T	-3.34335
orth	A	P31749	T308D	-6.375439999999999
orth	A	P31751	T309E	-6.56229
orth	A	Q9UM73	F1174L	-1.6448399999999999
orth	A	Q9UM73	F1174V	-3.0598099999999997
orth	A	Q9UM73	R1275Q	-2.88673
orth	A	P20594	R655C	-4.69127
orth	A	O14965	V174M	-2.32987
orth	A	O14965	T288D	-3.2477400000000003
orth	A	P15056	G464V	-6.5475200000000005
orth	A	P15056	G469A	-2.4481400000000004
orth	A	P15056	L597V	-4.13134
orth	A	P15056	R671K	-3.40795
orth	A	Q8IWQ3	T174E	-4.42775
orth	A	Q9BWU1	Y32H	-5.75321
orth	A	P24941	T14A	-4.01202
orth	A	P24941	Y15F	-2.80303
orth	A	P50613	S164A	-1.78014
orth	A	P50750	K48R	-2.98279
orth	A	P50750	S175A	-1.49102
orth	A	P50750	T186D	-5.38075
orth	A	P00533	G719S	-4.43513
orth	A	P00533	S768I	-3.66918
orth	A	P00533	T790M	0.2550800000000002
orth	A	P00533	L858R	-4.30964
orth	A	P00533	L861Q	-2.95779
orth	A	P29317	R721Q	-0.9536500000000001
orth	A	P29320	Y742F	-1.23163
orth	A	P29320	S768A	-2.34105
orth	A	P07332	R706Q	-2.0118099999999997
orth	A	P21802	K526E	-2.19369
orth	A	P21802	N549T	-3.0193700000000003
orth	A	P21802	N549H	-1.6104500000000002
orth	A	P21802	E565A	-5.5269
orth	A	P21802	E565G	-5.141970000000001
orth	A	P21802	K641R	-4.08993
orth	A	P36888	D835E	-3.29631
orth	A	P36888	D835H	-4.33765
orth	A	P36888	D835N	-3.66046
orth	A	P36888	D835V	-6.26405
orth	A	P36888	D835Y	-5.90062
orth	A	Q96GX5	K72M	-1.1586999999999998
orth	A	O15111	S176E	-3.98239
orth	A	O14920	K171E	-5.59595
orth	A	O14920	S177E	-4.4497599999999995
orth	A	O14920	S181E	-6.948840000000001
orth	A	O14920	V203I	-2.80872
orth	A	P06213	R1201Q	-3.43832
orth	A	P23458	V658F	-3.58157
orth	A	P23458	S703I	-2.2990500000000003
orth	A	O60674	V617F	-3.58157
orth	A	P17612	K48R	-2.5454299999999996
orth	A	P17612	L96Q	-6.92362
orth	A	P17612	M121L	-1.9610500000000002
orth	A	P17612	V124A	-4.7809
orth	A	P17612	Q182K	-0.5319
orth	A	P17612	T184A	-3.27773
orth	A	P17612	L206R	-4.59551
orth	A	P10721	D816F	-5.34858
orth	A	P10721	D816H	-3.3406499999999997
orth	A	P10721	D816I	-5.26953
orth	A	P10721	D816Y	-4.76596
orth	A	P10721	N822I	-4.574
orth	A	Q9BZL6	S706E	-5.5655
orth	A	Q9BZL6	S710E	-6.10602
orth	A	Q9BZL6	Y717F	-4.4047
orth	A	P24723	V374I	0.71999
orth	A	P43405	M450I	-2.1781800000000002
orth	A	P43405	S550F	-5.8888300000000005
orth	A	P43405	S550Y	-5.11697
orth	A	P53667	T508E	-6.67288
orth	A	P53671	T505E	-7.4375800000000005
orth	A	Q5S007	I2020T	-1.28521
orth	A	Q5S007	T2031S	-0.9181699999999999
orth	A	P49137	T222D	-6.06917
orth	A	P49137	T222E	-5.6606000000000005
orth	A	P49137	S272D	-0.6193
orth	A	Q8IW41	T182D	-4.04096
orth	A	Q9P0L2	T215E	-6.742929999999999
orth	A	Q14680	T167D	-5.38564
orth	A	P53778	D179A	-3.54432
orth	A	Q16539	D176A	-4.49503
orth	A	P36507	P128Q	-4.0093499999999995
orth	A	P46734	S218E	-2.80019
orth	A	P46734	T222E	-4.6696100000000005
orth	A	P52564	S207E	-2.80019
orth	A	P52564	T211E	-4.6696100000000005
orth	A	Q5VT25	S222L	-2.76445
orth	A	P51955	T170E	-0.8506400000000001
orth	A	P51955	S171D	-1.30049
orth	A	P51955	T175E	-2.9489300000000003
orth	A	Q9HC98	Y108A	-5.25791
orth	A	Q8TDX7	Y97A	-5.4529499999999995
orth	A	Q8TDX7	Y97F	-4.47182
orth	A	Q13153	T423E	-6.66037
orth	A	Q13153	Y429C	-7.511480000000001
orth	A	O96013	S445N	-4.8693100000000005
orth	A	O15530	A277V	-0.17069999999999996
orth	A	P16234	H650Q	-5.459160000000001
orth	A	P16234	N659K	-2.89581
orth	A	P16234	N659S	-3.4499199999999997
orth	A	P16234	D842V	-5.3772
orth	A	P16234	D842Y	-4.94636
orth	A	P09619	V665A	-4.23804
orth	A	P11309	H68Y	-1.04856
orth	A	P53350	S137D	-0.21199000000000012
orth	A	P53350	T210D	-6.7362400000000004
orth	A	O00444	T170D	-6.57956
orth	A	P51817	H93Q	-6.93566
orth	A	P51817	W202R	-6.6162
orth	A	P04049	T491D	-3.95072
orth	A	Q01974	D482G	2.0641
orth	A	P34925	N484F	-4.1124600000000004
orth	A	P34925	A485G	-2.00428
orth	A	Q9H0K1	T175E	-6.3841
orth	A	P12931	P302E	-1.9206999999999999
orth	A	P12931	P307E	-0.96573
orth	A	Q02763	Y897C	-2.6669
orth	A	Q02763	Y897S	-2.57123
orth	A	Q02763	R915H	-0.5639800000000004
orth	A	Q9BXA7	T174E	-5.8605
orth	A	P17948	N1050D	1.7358699999999998
orth	A	P35968	C1045A	-4.04298
orth	A	P43403	K362E	-0.57136
orth	A	P10721	D816V	-5.000109999999999
orth	A	Q5S007	G2019S	-9.43304
orth	A	P08581	M1250T	-7.29754
orth	A	O60674	R683G	-3.72786
orth	A	P29597	V678F	-3.58157
orth	A	O96013	S474E	-5.78562
orth	A	O60674	T875N	-3.16432
orth	A	Q13418	S343D	-1.3562400000000001
orth	A	P52333	A573V	-1.87365
orth	A	P24941	T47D	-5.400370000000001
orth	A	P24941	T39E	-1.31564
orth	A	P23458	A634D	-1.3071599999999999
orth	A	P11362	V561M	0.2710499999999998
orth	A	P07949	Y791F	-1.31903
orth	A	P07949	S891A	-4.76502
orth	A	O60674	R683S	-2.38192
orth	A	Q9NQU5	S531N	-4.13471
orth	A	Q96J92	L322F	-2.1727999999999996
orth	A	Q8TDC3	T189E	-4.42775
orth	D	P31749	K179M	-5.40334
orth	D	O14965	G198N	-1.84094
orth	D	O14965	D274N	-4.6360399999999995
orth	D	O14965	T288A	-3.3510500000000003
orth	D	Q96GD4	K106R	-2.9887599999999996
orth	D	Q9UQB9	K72R	-2.9887599999999996
orth	D	Q9UQB9	D166Y	-6.46842
orth	D	Q9UQB9	T198A	-4.20263
orth	D	P15056	K483S	-6.0804100000000005
orth	D	Q8TDC3	T189A	-4.33145
orth	D	Q8IWQ3	T174A	-4.33145
orth	D	Q06187	R520Q	-6.4628
orth	D	Q9NYV4	D877N	-7.7085799999999995
orth	D	O94921	K164R	-3.16634
orth	D	Q00536	K194A	-5.4738500000000005
orth	D	Q9BWU1	G28R	-6.13687
orth	D	Q8IZL9	T161A	-2.05092
orth	D	P24941	T160A	-4.28456
orth	D	P24941	L166R	-6.04592
orth	D	P49336	V27L	-3.55668
orth	D	P49336	R29G	-3.69336
orth	D	P49336	G30S	-4.02763
orth	D	P49336	S62L	-4.23869
orth	D	P49336	R178Q	-5.77771
orth	D	P49336	V193G	-7.2341
orth	D	P49336	I223M	-5.49318
orth	D	P50750	K44R	-1.1835499999999999
orth	D	P50750	K48Q	-3.93201
orth	D	O14757	K38R	-2.90828
orth	D	O14757	D130A	-7.44812
orth	D	O96017	D368N	-4.74178
orth	D	O96017	H371Y	0.17662
orth	D	Q9UPZ9	T157A	-4.54659
orth	D	Q9UPZ9	Y159F	-5.95992
orth	D	Q9UPZ9	R272Q	-6.37063
orth	D	P41240	Y304F	-3.55882
orth	D	O14578	G106V	-5.85765
orth	D	O14578	K126Q	-2.86512
orth	D	O14578	D230V	-4.29834
orth	D	O43293	K42A	-7.0635200000000005
orth	D	O43293	T112M	-2.2444699999999997
orth	D	O43293	D161N	-8.198630000000001
orth	D	O43293	T180A	-3.46163
orth	D	O43293	P216S	-6.78532
orth	D	O43293	T265A	-3.22466
orth	D	Q16832	K608A	-4.77126
orth	D	Q13627	K188R	-4.7773
orth	D	Q13627	Y321F	-4.86235
orth	D	Q9Y463	K140R	-4.7773
orth	D	Q9Y463	D239A	-7.57339
orth	D	Q9Y463	Y271F	-2.8673399999999996
orth	D	Q92630	K251R	-3.88508
orth	D	Q9NR20	Y264F	-6.28943
orth	D	P19525	T446A	-2.78548
orth	D	P00533	K745A	-6.50747
orth	D	Q15303	K751R	-3.35074
orth	D	O75460	K599A	-5.81119
orth	D	Q14289	K457A	-5.26588
orth	D	P16591	K591R	-4.23242
orth	D	P07332	K590E	-4.38823
orth	D	P07332	M704V	-3.60486
orth	D	P07332	Y713F	-5.170940000000001
orth	D	P07332	V743M	-4.17805
orth	D	P07332	S759F	0.09392
orth	D	P11362	K618N	-2.45112
orth	D	P11362	P722H	-7.74819
orth	D	P11362	N724K	-3.4445099999999997
orth	D	P21802	A628T	-4.64889
orth	D	P22607	K508A	-7.74611
orth	D	P22607	Y724F	-4.24988
orth	D	P36888	K644A	-4.71434
orth	D	P08631	Y411A	-6.11401
orth	D	Q86Z02	D315N	-7.36738
orth	D	Q9H422	K226R	-7.41617
orth	D	P08069	K1033A	-4.82759
orth	D	O15111	T23A	-0.94269
orth	D	O14920	S177A	-3.6223599999999996
orth	D	O14920	S181A	-4.18674
orth	D	Q14164	E168A	-3.09091
orth	D	Q14164	S172A	-3.6898800000000005
orth	D	Q14164	S172E	-2.60027
orth	D	Q13418	E359K	-8.074570000000001
orth	D	P06213	K1057A	-2.4264
orth	D	P06213	K1057M	-3.26701
orth	D	P06213	E1206D	-2.3538
orth	D	P06213	W1220L	-6.7341
orth	D	P22612	I74M	-4.02102
orth	D	P48730	K38M	-5.6393
orth	D	P48730	T44A	-1.67808
orth	D	P48730	H46R	-6.53138
orth	D	P48730	T176I	-6.52383
orth	D	Q14012	K49A	-4.995760000000001
orth	D	Q8IU85	K52A	-4.995760000000001
orth	D	P17252	T497A	-4.27798
orth	D	Q02156	K437W	-4.758
orth	D	P41743	K274W	-4.72103
orth	D	O75582	S212A	-4.29148
orth	D	P23443	K167N	-2.25331
orth	D	Q9NRM7	K697A	-6.83791
orth	D	Q9NRM7	S872A	-4.3452
orth	D	P53667	T508A	-5.40114
orth	D	P53667	T508V	-6.111269999999999
orth	D	Q5S007	K1906A	-6.58422
orth	D	Q5S007	D1994N	-8.043429999999999
orth	D	Q5S007	D2017A	-8.82084
orth	D	P29376	Y753F	-2.66783
orth	D	P07948	Y397F	-4.15557
orth	D	Q16584	K144A	-4.6658100000000005
orth	D	Q16584	K144R	-3.69679
orth	D	Q16584	E164A	-5.572229999999999
orth	D	Q16584	T277A	-3.0952100000000002
orth	D	Q16584	S281A	-2.9276999999999997
orth	D	O43283	K195A	-4.22046
orth	D	Q9NYL2	T161A	-3.07486
orth	D	Q9NYL2	T162A	-2.31708
orth	D	Q9NYL2	S165A	-1.74106
orth	D	Q99683	K709R	-4.98571
orth	D	P80192	T304A	-3.0952100000000002
orth	D	P80192	T305A	-3.81467
orth	D	P80192	S308A	-2.9276999999999997
orth	D	P80192	T312A	-4.77752
orth	D	P20794	T157A	-4.54659
orth	D	P49137	K93R	-3.8069800000000003
orth	D	P49137	D207A	-7.88391
orth	D	P49137	T222A	-2.8120000000000003
orth	D	P49137	S272A	-2.43594
orth	D	Q8IW41	K51M	-4.55123
orth	D	Q9P0L2	T215A	-6.06935
orth	D	Q7KZI7	T208A	-6.06933
orth	D	P27448	T211A	-6.06933
orth	D	Q96L34	T214A	-6.06933
orth	D	Q96L34	T214E	-6.74291
orth	D	Q14680	D150A	-7.5997699999999995
orth	D	Q14680	T167A	-4.5302500000000006
orth	D	Q14680	S171A	-2.5502
orth	D	Q14680	S171D	-3.52723
orth	D	P45983	K55D	-7.17147
orth	D	Q15759	T180A	-3.74428
orth	D	Q15759	Y182F	-4.38806
orth	D	Q16539	A34V	-1.2218799999999999
orth	D	Q16539	Y69H	-5.16381
orth	D	Q8TD08	K42R	-6.48449
orth	D	Q8TD08	R59Q	-7.78266
orth	D	Q8TD08	T175A	-5.67549
orth	D	Q8TD08	Y177A	-9.86411
orth	D	Q02750	K97A	-7.78586
orth	D	P46734	S218A	-1.8230100000000002
orth	D	P46734	T222A	-3.69489
orth	D	Q13163	K195M	-7.81644
orth	D	Q13163	S311A	-0.86337
orth	D	Q13163	T315A	-3.78923
orth	D	P52564	S207A	-1.8230100000000002
orth	D	P52564	T211A	-3.69489
orth	D	Q5VT25	S234A	-2.25231
orth	D	Q5VT25	T240A	-4.0137
orth	D	O15146	G584C	-5.62792
orth	D	Q15746	A1491S	-5.4528099999999995
orth	D	Q6ZWH5	K548R	-3.1300499999999998
orth	D	P51955	T175A	-3.98422
orth	D	Q9HC98	K74M	-5.98194
orth	D	Q9HC98	K75M	-3.7564
orth	D	Q8IY84	T229A	-4.45031
orth	D	O60285	K84A	-6.8556
orth	D	O60285	T211A	-4.82671
orth	D	Q9H093	K81R	-4.386
orth	D	O95747	K46A	-7.4366900000000005
orth	D	Q13153	K299R	-3.25588
orth	D	Q13153	D389N	-5.19214
orth	D	Q13153	T423A	-4.56109
orth	D	Q13153	Y429C	-7.511480000000001
orth	D	Q13177	K278R	-3.25588
orth	D	Q13177	T402A	-4.56109
orth	D	Q96RG2	R1058A	-1.3652499999999999
orth	D	Q96RG2	A1151K	-0.3469899999999999
orth	D	Q96RG2	Y1152F	-1.3889299999999998
orth	D	P11309	L193F	-2.69569
orth	D	Q9BXM7	D362A	-5.41662
orth	D	P57059	S186A	-2.9361300000000004
orth	D	Q9BXM7	D384A	-6.61252
orth	D	Q9BXM7	G386A	-5.95764
orth	D	Q16512	K644E	-6.20651
orth	D	Q16513	T816A	-3.5114199999999998
orth	D	Q6P5Z2	K588E	-6.20651
orth	D	Q6P5Z2	K588R	-4.05775
orth	D	P53350	D176N	-4.99067
orth	D	P53350	T210A	-3.0765700000000002
orth	D	Q9H4B4	K91R	-3.33555
orth	D	Q9H4B4	D203A	-7.143610000000001
orth	D	O00444	D154A	-8.26764
orth	D	Q13882	K219M	-5.86789
orth	D	Q13882	K219R	-4.2069
orth	D	Q13882	Y342A	-4.18034
orth	D	P04049	K375W	-6.50945
orth	D	P04049	D486N	-5.64681
orth	D	P04049	T491I	-3.90503
orth	D	P04049	L603P	-3.4950099999999997
orth	D	Q13546	K45A	-1.64409
orth	D	Q13546	S161A	-0.5521699999999999
orth	D	O43353	K47A	-5.55256
orth	D	O43353	D146N	-4.87253
orth	D	Q9Y572	K50D	-5.72736
orth	D	Q9Y572	D142N	-4.68674
orth	D	Q9Y572	T182A	-5.06878
orth	D	Q9Y572	S227A	-1.12816
orth	D	Q05823	R462Q	-1.41692
orth	D	O00141	K127M	-5.8438300000000005
orth	D	O00141	T256A	-4.8331
orth	D	O00141	T256D	-6.5869
orth	D	O00141	T256E	-6.82513
orth	D	Q96BR1	K191M	-5.8438300000000005
orth	D	P57059	S135A	-3.82653
orth	D	P57059	T182A	-5.921939999999999
orth	D	Q6P2M8	K44A	-4.995760000000001
orth	D	P57059	S209A	-2.02774
orth	D	P57059	S248A	-4.8428
orth	D	Q9H0K1	T175A	-5.921939999999999
orth	D	Q9Y2K2	T221A	-5.327170000000001
orth	D	Q9NRH2	T173A	-5.38911
orth	D	P12931	K298M	-5.46049
orth	D	Q9Y2H1	K119A	-6.2999600000000004
orth	D	Q9Y2H1	S282A	-4.52538
orth	D	Q15831	L67P	-3.5895
orth	D	Q15831	K78I	-6.74366
orth	D	Q15831	K78M	-5.73855
orth	D	Q15831	G163D	-7.2450399999999995
orth	D	Q15831	D176N	-5.9467300000000005
orth	D	Q15831	E199K	-2.0969499999999996
orth	D	Q15831	W308C	-7.94616
orth	D	Q9P289	K53E	-6.2201
orth	D	Q15208	K118A	-6.2999600000000004
orth	D	Q15208	S281A	-4.52538
orth	D	Q7RTN6	Y185F	-4.63985
orth	D	Q7L7X3	K57A	-4.40762
orth	D	Q9UHD2	K30R	-1.5819999999999999
orth	D	Q9UHD2	D33A	-1.0885799999999999
orth	D	Q9UHD2	S172E	-2.60027
orth	D	P37173	K277R	-1.2783799999999998
orth	D	Q8WZ42	K32207A	-2.88797
orth	D	Q86UE8	H493R	-6.444329999999999
orth	D	Q86UE8	H518N	-5.6088700000000005
orth	D	Q86UE8	H518R	-6.5076
orth	D	Q86UE8	S617L	-5.75987
orth	D	Q86UE8	S659A	-3.7388000000000003
orth	D	Q86UE8	S686A	-2.21864
orth	D	Q86UE8	S686D	-3.5646000000000004
orth	D	Q86UE8	T695A	-3.37073
orth	D	Q59H18	K490R	-3.5392200000000003
orth	D	O75962	K2917A	-3.78584
orth	D	Q6IQ55	K50E	-7.43911
orth	D	Q6IQ55	K143E	-3.69599
orth	D	Q6IQ55	D163A	-10.51828
orth	D	Q6IQ55	A184E	-8.97474
orth	D	P42681	K299A	-3.6259
orth	D	P30530	K567M	-4.4153
orth	D	O75385	K46I	-7.15014
orth	D	Q8IYT8	K39R	-4.247
orth	D	Q6PHR2	K44R	-2.96847
orth	D	P17948	K861M	-6.81452
orth	D	P35968	V848E	-8.57487
orth	D	P35916	K879G	-6.54387
orth	D	P30291	K328R	-4.7699
orth	D	Q9BYP7	D294A	-9.818439999999999
orth	D	P43403	D461N	-8.02754
orth	D	P43403	D479N	-8.04036
orth	D	P25098	K220R	-1.63355
orth	D	O60674	K882E	-5.995229999999999
orth	D	P24941	T39A	-1.5675599999999998
orth	D	O75716	E202A	-6.42418
orth	D	Q96BR1	K191N	-4.96665
orth	D	Q13418	R211A	-3.27238
orth	D	P07949	E921K	-5.37814
orth	D	O60674	Y613E	-4.40261
orth	D	O60674	R683K	-2.47927
orth	D	Q9NQU5	K436A	-4.92329
orth	D	Q96J92	S335A	-4.04399
orth	D	Q96J92	D321A	-9.818439999999999
orth	D	Q6P2M8	T171A	-4.7332
all_homs	A	P00519	A337T	-1.22953
all_homs	A	P31749	T308D	-6.375439999999999
all_homs	A	P31751	T309E	-6.56229
all_homs	A	Q9UM73	F1174L	1.1617
all_homs	A	Q9UM73	F1174V	-1.47263
all_homs	A	Q9UM73	R1275Q	-3.7420400000000003
all_homs	A	P20594	R655C	-5.37587
all_homs	A	O14965	V174M	-2.32987
all_homs	A	O14965	T288D	-3.2477400000000003
all_homs	A	P15056	G464V	-8.65848
all_homs	A	P15056	G469A	-3.53126
all_homs	A	P15056	L597V	-3.12456
all_homs	A	P15056	R671K	-4.50268
all_homs	A	Q8IWQ3	T174E	-4.42775
all_homs	A	Q9BWU1	Y32H	-3.92729
all_homs	A	P24941	T14A	-0.9581799999999998
all_homs	A	P24941	Y15F	-1.6382100000000004
all_homs	A	P50613	S164A	-2.1678699999999997
all_homs	A	P50750	K48R	-5.18534
all_homs	A	P50750	S175A	-1.89074
all_homs	A	P50750	T186D	-4.33174
all_homs	A	P00533	G719S	-6.23992
all_homs	A	P00533	S768I	-4.764530000000001
all_homs	A	P00533	T790M	-1.36192
all_homs	A	P00533	L858R	-6.55737
all_homs	A	P00533	L861Q	-5.0820799999999995
all_homs	A	P29317	R721Q	-2.2918499999999997
all_homs	A	P29320	Y742F	-1.18967
all_homs	A	P29320	S768A	-2.49172
all_homs	A	P07332	R706Q	-3.7420400000000003
all_homs	A	P21802	K526E	-0.6259300000000001
all_homs	A	P21802	N549T	-3.82173
all_homs	A	P21802	N549H	-2.09169
all_homs	A	P21802	E565A	-5.5646
all_homs	A	P21802	E565G	-4.96887
all_homs	A	P21802	K641R	-3.47473
all_homs	A	P36888	D835E	-2.87487
all_homs	A	P36888	D835H	-3.31069
all_homs	A	P36888	D835N	-3.6358
all_homs	A	P36888	D835V	-4.52261
all_homs	A	P36888	D835Y	-3.95037
all_homs	A	Q96GX5	K72M	-1.1586999999999998
all_homs	A	O15111	S176E	-3.18556
all_homs	A	O14920	K171E	-3.902
all_homs	A	O14920	S177E	-3.18556
all_homs	A	O14920	S181E	-5.2171199999999995
all_homs	A	O14920	V203I	-3.1106100000000003
all_homs	A	P06213	R1201Q	-5.78111
all_homs	A	P23458	V658F	-3.6083399999999997
all_homs	A	P23458	S703I	-2.37468
all_homs	A	O60674	V617F	-3.6083399999999997
all_homs	A	P17612	K48R	-2.5454299999999996
all_homs	A	P17612	L96Q	-6.92362
all_homs	A	P17612	M121L	-1.9610500000000002
all_homs	A	P17612	V124A	-4.7809
all_homs	A	P17612	Q182K	-0.5319
all_homs	A	P17612	T184A	-3.27773
all_homs	A	P17612	L206R	-4.59551
all_homs	A	P10721	D816F	-6.2006
all_homs	A	P10721	D816H	-3.31069
all_homs	A	P10721	D816I	-6.21912
all_homs	A	P10721	D816Y	-3.95037
all_homs	A	P10721	N822I	-1.14344
all_homs	A	Q9BZL6	S706E	-5.87532
all_homs	A	Q9BZL6	S710E	-6.366149999999999
all_homs	A	Q9BZL6	Y717F	-4.49981
all_homs	A	P24723	V374I	0.71999
all_homs	A	P43405	M450I	-0.06837000000000004
all_homs	A	P43405	S550F	-4.23364
all_homs	A	P43405	S550Y	-4.8201
all_homs	A	P53667	T508E	-3.1861200000000003
all_homs	A	P53671	T505E	-3.1861200000000003
all_homs	A	Q5S007	I2020T	-3.27613
all_homs	A	Q5S007	T2031S	-0.54425
all_homs	A	P49137	T222D	-6.06917
all_homs	A	P49137	T222E	-5.6606000000000005
all_homs	A	P49137	S272D	-0.6193
all_homs	A	Q8IW41	T182D	-4.04096
all_homs	A	Q9P0L2	T215E	-6.742929999999999
all_homs	A	Q14680	T167D	-5.38564
all_homs	A	P53778	D179A	-2.02602
all_homs	A	Q16539	D176A	-2.02602
all_homs	A	P36507	P128Q	-4.14955
all_homs	A	P46734	S218E	-3.15397
all_homs	A	P46734	T222E	-3.62336
all_homs	A	P52564	S207E	-3.15397
all_homs	A	P52564	T211E	-3.62336
all_homs	A	Q5VT25	S222L	-2.76445
all_homs	A	P51955	T170E	-0.8506400000000001
all_homs	A	P51955	S171D	-1.30049
all_homs	A	P51955	T175E	-2.9489300000000003
all_homs	A	Q9HC98	Y108A	-5.25791
all_homs	A	Q8TDX7	Y97A	-5.4529499999999995
all_homs	A	Q8TDX7	Y97F	-4.47182
all_homs	A	Q13153	T423E	-4.07457
all_homs	A	Q13153	Y429C	-5.04776
all_homs	A	O96013	S445N	5.24333
all_homs	A	O15530	A277V	-0.17069999999999996
all_homs	A	P16234	H650Q	-2.2222500000000003
all_homs	A	P16234	N659K	-2.3012300000000003
all_homs	A	P16234	N659S	-2.33954
all_homs	A	P16234	D842V	-4.52261
all_homs	A	P16234	D842Y	-3.95037
all_homs	A	P09619	V665A	-4.54248
all_homs	A	P11309	H68Y	-1.04856
all_homs	A	P53350	S137D	-0.21199000000000012
all_homs	A	P53350	T210D	-6.7362400000000004
all_homs	A	O00444	T170D	-6.57956
all_homs	A	P51817	H93Q	-6.93566
all_homs	A	P51817	W202R	-6.6162
all_homs	A	P04049	T491D	-2.07573
all_homs	A	Q01974	D482G	2.67404
all_homs	A	P34925	N484F	-0.7944600000000002
all_homs	A	P34925	A485G	-0.9761199999999999
all_homs	A	Q9H0K1	T175E	-6.3841
all_homs	A	P12931	P302E	0.6524999999999999
all_homs	A	P12931	P307E	0.23242999999999991
all_homs	A	Q02763	Y897C	-1.1993900000000002
all_homs	A	Q02763	Y897S	-0.78794
all_homs	A	Q02763	R915H	-2.13614
all_homs	A	Q9BXA7	T174E	-5.8605
all_homs	A	P17948	N1050D	0.80051
all_homs	A	P35968	C1045A	-0.8946200000000002
all_homs	A	P43403	K362E	-0.26766
all_homs	A	P10721	D816V	-4.52261
all_homs	A	Q5S007	G2019S	-5.45806
all_homs	A	P08581	M1250T	-7.35006
all_homs	A	O60674	R683G	-3.76809
all_homs	A	P29597	V678F	-3.6083399999999997
all_homs	A	O96013	S474E	-3.4404
all_homs	A	O60674	T875N	-3.3124700000000002
all_homs	A	Q13418	S343D	-2.71532
all_homs	A	P52333	A573V	-1.84992
all_homs	A	P24941	T47D	-4.855230000000001
all_homs	A	P24941	T39E	-0.51787
all_homs	A	P23458	A634D	-1.37807
all_homs	A	P11362	V561M	-0.09965000000000002
all_homs	A	P07949	Y791F	0.38408
all_homs	A	P07949	S891A	1.2432099999999997
all_homs	A	O60674	R683S	-2.40716
all_homs	A	Q9NQU5	S531N	5.24333
all_homs	A	Q96J92	L322F	-2.85794
all_homs	A	Q8TDC3	T189E	-4.42775
all_homs	D	P31749	K179M	-5.40334
all_homs	D	O14965	G198N	-1.84094
all_homs	D	O14965	D274N	-4.6360399999999995
all_homs	D	O14965	T288A	-3.3510500000000003
all_homs	D	Q96GD4	K106R	-2.9887599999999996
all_homs	D	Q9UQB9	K72R	-2.9887599999999996
all_homs	D	Q9UQB9	D166Y	-6.46842
all_homs	D	Q9UQB9	T198A	-4.20263
all_homs	D	P15056	K483S	-5.94773
all_homs	D	Q8TDC3	T189A	-4.33145
all_homs	D	Q8IWQ3	T174A	-4.33145
all_homs	D	Q06187	R520Q	-6.7365200000000005
all_homs	D	Q9NYV4	D877N	-5.83816
all_homs	D	O94921	K164R	-5.18534
all_homs	D	Q00536	K194A	-6.48456
all_homs	D	Q9BWU1	G28R	-6.49244
all_homs	D	Q8IZL9	T161A	-5.02048
all_homs	D	P24941	T160A	-5.02048
all_homs	D	P24941	L166R	1.46673
all_homs	D	P49336	V27L	-0.25816000000000017
all_homs	D	P49336	R29G	-2.80376
all_homs	D	P49336	G30S	-6.54531
all_homs	D	P49336	S62L	-1.39433
all_homs	D	P49336	R178Q	-3.9403599999999996
all_homs	D	P49336	V193G	-2.15676
all_homs	D	P49336	I223M	-2.6895300000000004
all_homs	D	P50750	K44R	0.90078
all_homs	D	P50750	K48Q	-5.50772
all_homs	D	O14757	K38R	-2.90828
all_homs	D	O14757	D130A	-7.44812
all_homs	D	O96017	D368N	-4.74178
all_homs	D	O96017	H371Y	0.17662
all_homs	D	Q9UPZ9	T157A	-5.02048
all_homs	D	Q9UPZ9	Y159F	-6.76332
all_homs	D	Q9UPZ9	R272Q	-6.14699
all_homs	D	P41240	Y304F	-2.7351600000000005
all_homs	D	O14578	G106V	-5.85765
all_homs	D	O14578	K126Q	-2.86512
all_homs	D	O14578	D230V	-4.29834
all_homs	D	O43293	K42A	-7.0635200000000005
all_homs	D	O43293	T112M	-2.2444699999999997
all_homs	D	O43293	D161N	-8.198630000000001
all_homs	D	O43293	T180A	-3.46163
all_homs	D	O43293	P216S	-6.78532
all_homs	D	O43293	T265A	-3.22466
all_homs	D	Q16832	K608A	-3.5108099999999998
all_homs	D	Q13627	K188R	-4.56644
all_homs	D	Q13627	Y321F	-3.73902
all_homs	D	Q9Y463	K140R	-4.56644
all_homs	D	Q9Y463	D239A	-8.346119999999999
all_homs	D	Q9Y463	Y271F	-4.08988
all_homs	D	Q92630	K251R	-4.56644
all_homs	D	Q9NR20	Y264F	-3.73902
all_homs	D	P19525	T446A	-2.78548
all_homs	D	P00533	K745A	-7.10054
all_homs	D	Q15303	K751R	-4.6086599999999995
all_homs	D	O75460	K599A	-8.68243
all_homs	D	Q14289	K457A	-5.27895
all_homs	D	P16591	K591R	-5.45789
all_homs	D	P07332	K590E	-5.24414
all_homs	D	P07332	M704V	-2.27177
all_homs	D	P07332	Y713F	-4.33314
all_homs	D	P07332	V743M	-2.62484
all_homs	D	P07332	S759F	-1.6741100000000002
all_homs	D	P11362	K618N	-1.2218200000000001
all_homs	D	P11362	P722H	-8.559090000000001
all_homs	D	P11362	N724K	-3.46573
all_homs	D	P21802	A628T	-4.11926
all_homs	D	P22607	K508A	-5.11449
all_homs	D	P22607	Y724F	-3.36904
all_homs	D	P36888	K644A	-5.11449
all_homs	D	P08631	Y411A	-5.02549
all_homs	D	Q86Z02	D315N	-5.16304
all_homs	D	Q9H422	K226R	-4.56644
all_homs	D	P08069	K1033A	-6.35596
all_homs	D	O15111	T23A	-1.85885
all_homs	D	O14920	S177A	-3.4173
all_homs	D	O14920	S181A	-4.30064
all_homs	D	Q14164	E168A	-3.18215
all_homs	D	Q14164	S172A	-3.9791299999999996
all_homs	D	Q14164	S172E	-2.86801
all_homs	D	Q13418	E359K	-6.69259
all_homs	D	P06213	K1057A	-6.35596
all_homs	D	P06213	K1057M	-7.16158
all_homs	D	P06213	E1206D	-4.64937
all_homs	D	P06213	W1220L	-8.83466
all_homs	D	P22612	I74M	-4.02102
all_homs	D	P48730	K38M	-8.92716
all_homs	D	P48730	T44A	-0.57283
all_homs	D	P48730	H46R	-3.69564
all_homs	D	P48730	T176I	-7.5620899999999995
all_homs	D	Q14012	K49A	-4.995760000000001
all_homs	D	Q8IU85	K52A	-4.995760000000001
all_homs	D	P17252	T497A	-4.27798
all_homs	D	Q02156	K437W	-4.758
all_homs	D	P41743	K274W	-4.72103
all_homs	D	O75582	S212A	-4.29148
all_homs	D	P23443	K167N	-2.25331
all_homs	D	Q9NRM7	K697A	-6.83791
all_homs	D	Q9NRM7	S872A	-4.3452
all_homs	D	P53667	T508A	-2.3375600000000003
all_homs	D	P53667	T508V	-5.27027
all_homs	D	Q5S007	K1906A	-8.03471
all_homs	D	Q5S007	D1994N	-5.3055200000000005
all_homs	D	Q5S007	D2017A	-8.36134
all_homs	D	P29376	Y753F	-3.65232
all_homs	D	P07948	Y397F	-4.33314
all_homs	D	Q16584	K144A	-5.76094
all_homs	D	Q16584	K144R	-5.45789
all_homs	D	Q16584	E164A	-6.85705
all_homs	D	Q16584	T277A	-2.80391
all_homs	D	Q16584	S281A	-2.13764
all_homs	D	O43283	K195A	-5.76094
all_homs	D	Q9NYL2	T161A	-2.6300299999999996
all_homs	D	Q9NYL2	T162A	-1.49127
all_homs	D	Q9NYL2	S165A	-1.46679
all_homs	D	Q99683	K709R	-4.5177700000000005
all_homs	D	P80192	T304A	-2.80391
all_homs	D	P80192	T305A	-2.1284400000000003
all_homs	D	P80192	S308A	-2.13764
all_homs	D	P80192	T312A	-5.127610000000001
all_homs	D	P20794	T157A	-5.02048
all_homs	D	P49137	K93R	-3.8069800000000003
all_homs	D	P49137	D207A	-7.88391
all_homs	D	P49137	T222A	-2.8120000000000003
all_homs	D	P49137	S272A	-2.43594
all_homs	D	Q8IW41	K51M	-4.55123
all_homs	D	Q9P0L2	T215A	-6.06935
all_homs	D	Q7KZI7	T208A	-6.06933
all_homs	D	P27448	T211A	-6.06933
all_homs	D	Q96L34	T214A	-6.06933
all_homs	D	Q96L34	T214E	-6.74291
all_homs	D	Q14680	D150A	-7.5997699999999995
all_homs	D	Q14680	T167A	-4.5302500000000006
all_homs	D	Q14680	S171A	-2.5502
all_homs	D	Q14680	S171D	-3.52723
all_homs	D	P45983	K55D	-6.95903
all_homs	D	Q15759	T180A	-5.02048
all_homs	D	Q15759	Y182F	-6.76332
all_homs	D	Q16539	A34V	-3.7772300000000003
all_homs	D	Q16539	Y69H	-4.468500000000001
all_homs	D	Q8TD08	K42R	-5.18534
all_homs	D	Q8TD08	R59Q	-5.70555
all_homs	D	Q8TD08	T175A	-5.02048
all_homs	D	Q8TD08	Y177A	-6.54129
all_homs	D	Q02750	K97A	-7.02406
all_homs	D	P46734	S218A	-1.41508
all_homs	D	P46734	T222A	-2.5438899999999998
all_homs	D	Q13163	K195M	-7.14871
all_homs	D	Q13163	S311A	-1.41508
all_homs	D	Q13163	T315A	-4.2520500000000006
all_homs	D	P52564	S207A	-1.41508
all_homs	D	P52564	T211A	-2.5438899999999998
all_homs	D	Q5VT25	S234A	-2.25231
all_homs	D	Q5VT25	T240A	-4.0137
all_homs	D	O15146	G584C	-9.0423
all_homs	D	Q15746	A1491S	-5.4528099999999995
all_homs	D	Q6ZWH5	K548R	-3.1300499999999998
all_homs	D	P51955	T175A	-3.98422
all_homs	D	Q9HC98	K74M	-5.98194
all_homs	D	Q9HC98	K75M	-3.7564
all_homs	D	Q8IY84	T229A	-4.45031
all_homs	D	O60285	K84A	-6.8556
all_homs	D	O60285	T211A	-4.82671
all_homs	D	Q9H093	K81R	-4.386
all_homs	D	O95747	K46A	-7.02406
all_homs	D	Q13153	K299R	-4.51776
all_homs	D	Q13153	D389N	-5.45242
all_homs	D	Q13153	T423A	-4.2520500000000006
all_homs	D	Q13153	Y429C	-5.04776
all_homs	D	Q13177	K278R	-4.51776
all_homs	D	Q13177	T402A	-4.2520500000000006
all_homs	D	Q96RG2	R1058A	-1.3652499999999999
all_homs	D	Q96RG2	A1151K	-0.3469899999999999
all_homs	D	Q96RG2	Y1152F	-1.3889299999999998
all_homs	D	P11309	L193F	-2.69569
all_homs	D	Q9BXM7	D362A	-5.41009
all_homs	D	P57059	S186A	-2.9361300000000004
all_homs	D	Q9BXM7	D384A	-6.60634
all_homs	D	Q9BXM7	G386A	-5.9539
all_homs	D	Q16512	K644E	-6.20651
all_homs	D	Q16513	T816A	-3.5114199999999998
all_homs	D	Q6P5Z2	K588E	-6.20651
all_homs	D	Q6P5Z2	K588R	-4.05775
all_homs	D	P53350	D176N	-4.99067
all_homs	D	P53350	T210A	-3.0765700000000002
all_homs	D	Q9H4B4	K91R	-3.33555
all_homs	D	Q9H4B4	D203A	-7.143610000000001
all_homs	D	O00444	D154A	-8.26764
all_homs	D	Q13882	K219M	-8.03063
all_homs	D	Q13882	K219R	-5.45789
all_homs	D	Q13882	Y342A	-5.02549
all_homs	D	P04049	K375W	-9.51739
all_homs	D	P04049	D486N	-4.868740000000001
all_homs	D	P04049	T491I	-2.3403199999999997
all_homs	D	P04049	L603P	-4.3539200000000005
all_homs	D	Q13546	K45A	0.3325
all_homs	D	Q13546	S161A	-0.5094999999999998
all_homs	D	O43353	K47A	-5.76094
all_homs	D	O43353	D146N	-4.65582
all_homs	D	Q9Y572	K50D	-5.72736
all_homs	D	Q9Y572	D142N	-4.68674
all_homs	D	Q9Y572	T182A	-5.06878
all_homs	D	Q9Y572	S227A	-1.12816
all_homs	D	Q05823	R462Q	-1.7086800000000002
all_homs	D	O00141	K127M	-5.8438300000000005
all_homs	D	O00141	T256A	-4.8331
all_homs	D	O00141	T256D	-6.5869
all_homs	D	O00141	T256E	-6.82513
all_homs	D	Q96BR1	K191M	-5.8438300000000005
all_homs	D	P57059	S135A	-3.82653
all_homs	D	P57059	T182A	-5.921939999999999
all_homs	D	Q6P2M8	K44A	-4.995760000000001
all_homs	D	P57059	S209A	-2.02774
all_homs	D	P57059	S248A	-4.8428
all_homs	D	Q9H0K1	T175A	-5.921939999999999
all_homs	D	Q9Y2K2	T221A	-5.327170000000001
all_homs	D	Q9NRH2	T173A	-5.38911
all_homs	D	P12931	K298M	-8.03063
all_homs	D	Q9Y2H1	K119A	-6.2999600000000004
all_homs	D	Q9Y2H1	S282A	-4.52538
all_homs	D	Q15831	L67P	-3.5895
all_homs	D	Q15831	K78I	-6.74366
all_homs	D	Q15831	K78M	-5.73855
all_homs	D	Q15831	G163D	-7.2450399999999995
all_homs	D	Q15831	D176N	-5.9467300000000005
all_homs	D	Q15831	E199K	-2.0969499999999996
all_homs	D	Q15831	W308C	-7.94616
all_homs	D	Q9P289	K53E	-5.43306
all_homs	D	Q15208	K118A	-6.2999600000000004
all_homs	D	Q15208	S281A	-4.52538
all_homs	D	Q7RTN6	Y185F	-2.84133
all_homs	D	Q7L7X3	K57A	-7.02405
all_homs	D	Q9UHD2	K30R	-1.42593
all_homs	D	Q9UHD2	D33A	-0.9864299999999999
all_homs	D	Q9UHD2	S172E	-2.86801
all_homs	D	P37173	K277R	-4.31198
all_homs	D	Q8WZ42	K32207A	-3.6822
all_homs	D	Q86UE8	H493R	-6.917479999999999
all_homs	D	Q86UE8	H518N	-5.96915
all_homs	D	Q86UE8	H518R	-6.8836200000000005
all_homs	D	Q86UE8	S617L	-6.65041
all_homs	D	Q86UE8	S659A	-3.6496899999999997
all_homs	D	Q86UE8	S686A	-2.08894
all_homs	D	Q86UE8	S686D	-3.70763
all_homs	D	Q86UE8	T695A	-3.4434899999999997
all_homs	D	Q59H18	K490R	-5.45789
all_homs	D	O75962	K2917A	-2.37871
all_homs	D	Q6IQ55	K50E	-6.81969
all_homs	D	Q6IQ55	K143E	-4.72282
all_homs	D	Q6IQ55	D163A	-9.55338
all_homs	D	Q6IQ55	A184E	-6.285729999999999
all_homs	D	P42681	K299A	-5.76094
all_homs	D	P30530	K567M	-5.77067
all_homs	D	O75385	K46I	-7.15014
all_homs	D	Q8IYT8	K39R	-4.247
all_homs	D	Q6PHR2	K44R	-2.96847
all_homs	D	P17948	K861M	-6.6394400000000005
all_homs	D	P35968	V848E	-7.31699
all_homs	D	P35916	K879G	-5.31124
all_homs	D	P30291	K328R	-4.741490000000001
all_homs	D	Q9BYP7	D294A	-5.66592
all_homs	D	P43403	D461N	-4.65582
all_homs	D	P43403	D479N	-4.868740000000001
all_homs	D	P25098	K220R	-1.63441
all_homs	D	O60674	K882E	-6.16868
all_homs	D	P24941	T39A	-0.77302
all_homs	D	O75716	E202A	-6.1742799999999995
all_homs	D	Q96BR1	K191N	-4.96665
all_homs	D	Q13418	R211A	-2.92683
all_homs	D	P07949	E921K	-5.51994
all_homs	D	O60674	Y613E	-4.52426
all_homs	D	O60674	R683K	-2.51574
all_homs	D	Q9NQU5	K436A	-7.02406
all_homs	D	Q96J92	S335A	-4.82602
all_homs	D	Q96J92	D321A	-5.66592
all_homs	D	Q6P2M8	T171A	-4.7332
