#CosmicPosition	CosmicAA	UniProtPosition	UniProtAA
15	S	0	M
16	L	1	L
17	P	2	E
18	A	3	I
19	L	4	C
20	H	5	L
21	F	6	K
22	I	7	L
23	K	8	V
24	G	9	G
25	A	10	C
30	S	11	K
31	S	12	S
32	R	13	K
33	H	14	K
34	G	15	G
35	G	16	L
36	P	17	S
37	H	18	S
38	C	19	S
39	N	20	S
40	V	21	S
41	F	22	C
42	V	23	Y
43	E	24	L
44	H	25	E
45	E	26	E
46	A	27	A
47	L	28	L
48	Q	29	Q
49	R	30	R
50	P	31	P
51	V	32	V
52	A	33	A
53	S	34	S
54	D	35	D
55	F	36	F
56	E	37	E
57	P	38	P
58	Q	39	Q
59	G	40	G
60	L	41	L
61	S	42	S
62	E	43	E
63	A	44	A
64	A	45	A
65	R	46	R
66	W	47	W
67	N	48	N
68	S	49	S
69	K	50	K
70	E	51	E
71	N	52	N
72	L	53	L
73	L	54	L
74	A	55	A
75	G	56	G
76	P	57	P
77	S	58	S
78	E	59	E
79	N	60	N
80	D	61	D
81	P	62	P
82	N	63	N
83	L	64	L
84	F	65	F
85	V	66	V
86	A	67	A
87	L	68	L
88	Y	69	Y
89	D	70	D
90	F	71	F
91	V	72	V
92	A	73	A
93	S	74	S
94	G	75	G
95	D	76	D
96	N	77	N
97	T	78	T
98	L	79	L
99	S	80	S
100	I	81	I
101	T	82	T
102	K	83	K
103	G	84	G
104	E	85	E
105	K	86	K
106	L	87	L
107	R	88	R
108	V	89	V
109	L	90	L
110	G	91	G
111	Y	92	Y
112	N	93	N
113	H	94	H
114	N	95	N
115	G	96	G
116	E	97	E
117	W	98	W
118	C	99	C
119	E	100	E
120	A	101	A
121	Q	102	Q
122	T	103	T
123	K	104	K
124	N	105	N
125	G	106	G
126	Q	107	Q
127	G	108	G
128	W	109	W
129	V	110	V
130	P	111	P
131	S	112	S
132	N	113	N
133	Y	114	Y
134	I	115	I
135	T	116	T
136	P	117	P
137	V	118	V
138	N	119	N
139	S	120	S
140	L	121	L
141	E	122	E
142	K	123	K
143	H	124	H
144	S	125	S
145	W	126	W
146	Y	127	Y
147	H	128	H
148	G	129	G
149	P	130	P
150	V	131	V
151	S	132	S
152	R	133	R
153	N	134	N
154	A	135	A
155	A	136	A
156	E	137	E
157	Y	138	Y
158	L	139	L
159	L	140	L
160	S	141	S
161	S	142	S
162	G	143	G
163	I	144	I
164	N	145	N
165	G	146	G
166	S	147	S
167	F	148	F
168	L	149	L
169	V	150	V
170	R	151	R
171	E	152	E
172	S	153	S
173	E	154	E
174	S	155	S
175	S	156	S
176	P	157	P
177	G	158	G
178	Q	159	Q
179	R	160	R
180	S	161	S
181	I	162	I
182	S	163	S
183	L	164	L
184	R	165	R
185	Y	166	Y
186	E	167	E
187	G	168	G
188	R	169	R
189	V	170	V
190	Y	171	Y
191	H	172	H
192	Y	173	Y
193	R	174	R
194	I	175	I
195	N	176	N
196	T	177	T
197	A	178	A
198	S	179	S
199	D	180	D
200	G	181	G
201	K	182	K
202	L	183	L
203	Y	184	Y
204	V	185	V
205	S	186	S
206	S	187	S
207	E	188	E
208	S	189	S
209	R	190	R
210	F	191	F
211	N	192	N
212	T	193	T
213	L	194	L
214	A	195	A
215	E	196	E
216	L	197	L
217	V	198	V
218	H	199	H
219	H	200	H
220	H	201	H
221	S	202	S
222	T	203	T
223	V	204	V
224	A	205	A
225	D	206	D
226	G	207	G
227	L	208	L
228	I	209	I
229	T	210	T
230	T	211	T
231	L	212	L
232	H	213	H
233	Y	214	Y
234	P	215	P
235	A	216	A
236	P	217	P
237	K	218	K
238	R	219	R
239	N	220	N
240	K	221	K
241	P	222	P
242	T	223	T
243	V	224	V
244	Y	225	Y
245	G	226	G
246	V	227	V
247	S	228	S
248	P	229	P
249	N	230	N
250	Y	231	Y
251	D	232	D
252	K	233	K
253	W	234	W
254	E	235	E
255	M	236	M
256	E	237	E
257	R	238	R
258	T	239	T
259	D	240	D
260	I	241	I
261	T	242	T
262	M	243	M
263	K	244	K
264	H	245	H
265	K	246	K
266	L	247	L
267	G	248	G
268	G	249	G
269	G	250	G
270	Q	251	Q
271	Y	252	Y
272	G	253	G
273	E	254	E
274	V	255	V
275	Y	256	Y
276	E	257	E
277	G	258	G
278	V	259	V
279	W	260	W
280	K	261	K
281	K	262	K
282	Y	263	Y
283	S	264	S
284	L	265	L
285	T	266	T
286	V	267	V
287	A	268	A
288	V	269	V
289	K	270	K
290	T	271	T
291	L	272	L
292	K	273	K
293	E	274	E
294	D	275	D
295	T	276	T
296	M	277	M
297	E	278	E
298	V	279	V
299	E	280	E
300	E	281	E
301	F	282	F
302	L	283	L
303	K	284	K
304	E	285	E
305	A	286	A
306	A	287	A
307	V	288	V
308	M	289	M
309	K	290	K
310	E	291	E
311	I	292	I
312	K	293	K
313	H	294	H
314	P	295	P
315	N	296	N
316	L	297	L
317	V	298	V
318	Q	299	Q
319	L	300	L
320	L	301	L
321	G	302	G
322	V	303	V
323	C	304	C
324	T	305	T
325	R	306	R
326	E	307	E
327	P	308	P
328	P	309	P
329	F	310	F
330	Y	311	Y
331	I	312	I
332	I	313	I
333	T	314	T
334	E	315	E
335	F	316	F
336	M	317	M
337	T	318	T
338	Y	319	Y
339	G	320	G
340	N	321	N
341	L	322	L
342	L	323	L
343	D	324	D
344	Y	325	Y
345	L	326	L
346	R	327	R
347	E	328	E
348	C	329	C
349	N	330	N
350	R	331	R
351	Q	332	Q
352	E	333	E
353	V	334	V
354	N	335	N
355	A	336	A
356	V	337	V
357	V	338	V
358	L	339	L
359	L	340	L
360	Y	341	Y
361	M	342	M
362	A	343	A
363	T	344	T
364	Q	345	Q
365	I	346	I
366	S	347	S
367	S	348	S
368	A	349	A
369	M	350	M
370	E	351	E
371	Y	352	Y
372	L	353	L
373	E	354	E
374	K	355	K
375	K	356	K
376	N	357	N
377	F	358	F
378	I	359	I
379	H	360	H
380	R	361	R
381	D	362	D
382	L	363	L
383	A	364	A
384	A	365	A
385	R	366	R
386	N	367	N
387	C	368	C
388	L	369	L
389	V	370	V
390	G	371	G
391	E	372	E
392	N	373	N
393	H	374	H
394	L	375	L
395	V	376	V
396	K	377	K
397	V	378	V
398	A	379	A
399	D	380	D
400	F	381	F
401	G	382	G
402	L	383	L
403	S	384	S
404	R	385	R
405	L	386	L
406	M	387	M
407	T	388	T
408	G	389	G
409	D	390	D
410	T	391	T
411	Y	392	Y
412	T	393	T
413	A	394	A
414	H	395	H
415	A	396	A
416	G	397	G
417	A	398	A
418	K	399	K
419	F	400	F
420	P	401	P
421	I	402	I
422	K	403	K
423	W	404	W
424	T	405	T
425	A	406	A
426	P	407	P
427	E	408	E
428	S	409	S
429	L	410	L
430	A	411	A
431	Y	412	Y
432	N	413	N
433	K	414	K
434	F	415	F
435	S	416	S
436	I	417	I
437	K	418	K
438	S	419	S
439	D	420	D
440	V	421	V
441	W	422	W
442	A	423	A
443	F	424	F
444	G	425	G
445	V	426	V
446	L	427	L
447	L	428	L
448	W	429	W
449	E	430	E
450	I	431	I
451	A	432	A
452	T	433	T
453	Y	434	Y
454	G	435	G
455	M	436	M
456	S	437	S
457	P	438	P
458	Y	439	Y
459	P	440	P
460	G	441	G
461	I	442	I
462	D	443	D
463	L	444	L
464	S	445	S
465	Q	446	Q
466	V	447	V
467	Y	448	Y
468	E	449	E
469	L	450	L
470	L	451	L
471	E	452	E
472	K	453	K
473	D	454	D
474	Y	455	Y
475	R	456	R
476	M	457	M
477	E	458	E
478	R	459	R
479	P	460	P
480	E	461	E
481	G	462	G
482	C	463	C
483	P	464	P
484	E	465	E
485	K	466	K
486	V	467	V
487	Y	468	Y
488	E	469	E
489	L	470	L
490	M	471	M
491	R	472	R
492	A	473	A
493	C	474	C
494	W	475	W
495	Q	476	Q
496	W	477	W
497	N	478	N
498	P	479	P
499	S	480	S
500	D	481	D
501	R	482	R
502	P	483	P
503	S	484	S
504	F	485	F
505	A	486	A
506	E	487	E
507	I	488	I
508	H	489	H
509	Q	490	Q
510	A	491	A
511	F	492	F
512	E	493	E
513	T	494	T
514	M	495	M
515	F	496	F
516	Q	497	Q
517	E	498	E
518	S	499	S
519	S	500	S
520	I	501	I
521	S	502	S
522	D	503	D
523	E	504	E
524	V	505	V
525	E	506	E
526	K	507	K
527	E	508	E
528	L	509	L
529	G	510	G
530	K	511	K
531	Q	512	Q
532	G	513	G
533	V	514	V
534	R	515	R
535	G	516	G
536	A	517	A
537	V	518	V
538	S	519	S
539	T	520	T
540	L	521	L
541	L	522	L
542	Q	523	Q
543	A	524	A
544	P	525	P
545	E	526	E
546	L	527	L
547	P	528	P
548	T	529	T
549	K	530	K
550	T	531	T
551	R	532	R
552	T	533	T
553	S	534	S
554	R	535	R
555	R	536	R
556	A	537	A
557	A	538	A
558	E	539	E
559	H	540	H
560	R	541	R
561	D	542	D
562	T	543	T
563	T	544	T
564	D	545	D
565	V	546	V
566	P	547	P
567	E	548	E
568	M	549	M
569	P	550	P
570	H	551	H
571	S	552	S
572	K	553	K
573	G	554	G
574	Q	555	Q
575	G	556	G
576	E	557	E
577	S	558	S
578	D	559	D
579	P	560	P
580	L	561	L
581	D	562	D
582	H	563	H
583	E	564	E
584	P	565	P
585	A	566	A
586	V	567	V
587	S	568	S
588	P	569	P
589	L	570	L
590	L	571	L
591	P	572	P
592	R	573	R
593	K	574	K
594	E	575	E
595	R	576	R
596	G	577	G
597	P	578	P
598	P	579	P
599	E	580	E
600	G	581	G
601	G	582	G
602	L	583	L
603	N	584	N
604	E	585	E
605	D	586	D
606	E	587	E
607	R	588	R
608	L	589	L
609	L	590	L
610	P	591	P
611	K	592	K
612	D	593	D
613	K	594	K
614	K	595	K
615	T	596	T
616	N	597	N
617	L	598	L
618	F	599	F
619	S	600	S
620	A	601	A
621	L	602	L
622	I	603	I
623	K	604	K
624	K	605	K
625	K	606	K
626	K	607	K
627	K	608	K
628	T	609	T
629	A	610	A
630	P	611	P
631	T	612	T
632	P	613	P
633	P	614	P
634	K	615	K
635	R	616	R
636	S	617	S
637	S	618	S
638	S	619	S
639	F	620	F
640	R	621	R
641	E	622	E
642	M	623	M
643	D	624	D
644	G	625	G
645	Q	626	Q
646	P	627	P
647	E	628	E
648	R	629	R
649	R	630	R
650	G	631	G
651	A	632	A
652	G	633	G
653	E	634	E
654	E	635	E
655	E	636	E
656	G	637	G
657	R	638	R
658	D	639	D
659	I	640	I
660	S	641	S
661	N	642	N
662	G	643	G
663	A	644	A
664	L	645	L
665	A	646	A
666	F	647	F
667	T	648	T
668	P	649	P
669	L	650	L
670	D	651	D
671	T	652	T
672	A	653	A
673	D	654	D
674	P	655	P
675	A	656	A
676	K	657	K
677	S	658	S
678	P	659	P
679	K	660	K
680	P	661	P
681	S	662	S
682	N	663	N
683	G	664	G
684	A	665	A
685	G	666	G
686	V	667	V
687	P	668	P
688	N	669	N
689	G	670	G
690	A	671	A
691	L	672	L
692	R	673	R
693	E	674	E
694	S	675	S
695	G	676	G
696	G	677	G
697	S	678	S
698	G	679	G
699	F	680	F
700	R	681	R
701	S	682	S
702	P	683	P
703	H	684	H
704	L	685	L
705	W	686	W
706	K	687	K
707	K	688	K
708	S	689	S
709	S	690	S
710	T	691	T
711	L	692	L
712	T	693	T
713	S	694	S
714	S	695	S
715	R	696	R
716	L	697	L
717	A	698	A
718	T	699	T
719	G	700	G
720	E	701	E
721	E	702	E
722	E	703	E
723	G	704	G
724	G	705	G
725	G	706	G
726	S	707	S
727	S	708	S
728	S	709	S
729	K	710	K
730	R	711	R
731	F	712	F
732	L	713	L
733	R	714	R
734	S	715	S
735	C	716	C
736	S	717	S
737	A	718	A
738	S	719	S
739	C	720	C
740	V	721	V
741	P	722	P
742	H	723	H
743	G	724	G
744	A	725	A
745	K	726	K
746	D	727	D
747	T	728	T
748	E	729	E
749	W	730	W
750	R	731	R
751	S	732	S
752	V	733	V
753	T	734	T
754	L	735	L
755	P	736	P
756	R	737	R
757	D	738	D
758	L	739	L
759	Q	740	Q
760	S	741	S
761	T	742	T
762	G	743	G
763	R	744	R
764	Q	745	Q
765	F	746	F
766	D	747	D
767	S	748	S
768	S	749	S
769	T	750	T
770	F	751	F
771	G	752	G
772	G	753	G
773	H	754	H
774	K	755	K
775	S	756	S
776	E	757	E
777	K	758	K
778	P	759	P
779	A	760	A
780	L	761	L
781	P	762	P
782	R	763	R
783	K	764	K
784	R	765	R
785	A	766	A
786	G	767	G
787	E	768	E
788	N	769	N
789	R	770	R
790	S	771	S
791	D	772	D
792	Q	773	Q
793	V	774	V
794	T	775	T
795	R	776	R
796	G	777	G
797	T	778	T
798	V	779	V
799	T	780	T
800	P	781	P
801	P	782	P
802	P	783	P
803	R	784	R
804	L	785	L
805	V	786	V
806	K	787	K
807	K	788	K
808	N	789	N
809	E	790	E
810	E	791	E
811	A	792	A
812	A	793	A
813	D	794	D
814	E	795	E
815	V	796	V
816	F	797	F
817	K	798	K
818	D	799	D
819	I	800	I
820	M	801	M
821	E	802	E
822	S	803	S
823	S	804	S
824	P	805	P
825	G	806	G
826	S	807	S
827	S	808	S
828	P	809	P
829	P	810	P
830	N	811	N
831	L	812	L
832	T	813	T
833	P	814	P
834	K	815	K
835	P	816	P
836	L	817	L
837	R	818	R
838	R	819	R
839	Q	820	Q
840	V	821	V
841	T	822	T
842	V	823	V
843	A	824	A
844	P	825	P
845	A	826	A
846	S	827	S
847	G	828	G
848	L	829	L
849	P	830	P
850	H	831	H
851	K	832	K
852	E	833	E
853	E	834	E
854	A	835	A
855	G	836	G
856	K	837	K
857	G	838	G
858	S	839	S
859	A	840	A
860	L	841	L
861	G	842	G
862	T	843	T
863	P	844	P
864	A	845	A
865	A	846	A
866	A	847	A
867	E	848	E
868	P	849	P
869	V	850	V
870	T	851	T
871	P	852	P
872	T	853	T
873	S	854	S
874	K	855	K
875	A	856	A
876	G	857	G
877	S	858	S
878	G	859	G
879	A	860	A
880	P	861	P
881	G	862	G
882	G	863	G
883	T	864	T
884	S	865	S
885	K	866	K
886	G	867	G
887	P	868	P
888	A	869	A
889	E	870	E
890	E	871	E
891	S	872	S
892	R	873	R
893	V	874	V
894	R	875	R
895	R	876	R
896	H	877	H
897	K	878	K
898	H	879	H
899	S	880	S
900	S	881	S
901	E	882	E
902	S	883	S
903	P	884	P
904	G	885	G
905	R	886	R
906	D	887	D
907	K	888	K
908	G	889	G
909	K	890	K
910	L	891	L
911	S	892	S
912	R	893	R
913	L	894	L
914	K	895	K
915	P	896	P
916	A	897	A
917	P	898	P
918	P	899	P
919	P	900	P
920	P	901	P
921	P	902	P
922	A	903	A
923	A	904	A
924	S	905	S
925	A	906	A
926	G	907	G
927	K	908	K
928	A	909	A
929	G	910	G
930	G	911	G
931	K	912	K
932	P	913	P
933	S	914	S
934	Q	915	Q
935	S	916	S
936	P	917	P
937	S	918	S
938	Q	919	Q
939	E	920	E
940	A	921	A
941	A	922	A
942	G	923	G
943	E	924	E
944	A	925	A
945	V	926	V
946	L	927	L
947	G	928	G
948	A	929	A
949	K	930	K
950	T	931	T
951	K	932	K
952	A	933	A
953	T	934	T
954	S	935	S
955	L	936	L
956	V	937	V
957	D	938	D
958	A	939	A
959	V	940	V
960	N	941	N
961	S	942	S
962	D	943	D
963	A	944	A
964	A	945	A
965	K	946	K
966	P	947	P
967	S	948	S
968	Q	949	Q
969	P	950	P
970	G	951	G
971	E	952	E
972	G	953	G
973	L	954	L
974	K	955	K
975	K	956	K
976	P	957	P
977	V	958	V
978	L	959	L
979	P	960	P
980	A	961	A
981	T	962	T
982	P	963	P
983	K	964	K
984	P	965	P
985	Q	966	Q
986	S	967	S
987	A	968	A
988	K	969	K
989	P	970	P
990	S	971	S
991	G	972	G
992	T	973	T
993	P	974	P
994	I	975	I
995	S	976	S
996	P	977	P
997	A	978	A
998	P	979	P
999	V	980	V
1000	P	981	P
1001	S	982	S
1002	T	983	T
1003	L	984	L
1004	P	985	P
1005	S	986	S
1006	A	987	A
1007	S	988	S
1008	S	989	S
1009	A	990	A
1010	L	991	L
1011	A	992	A
1012	G	993	G
1013	D	994	D
1014	Q	995	Q
1015	P	996	P
1016	S	997	S
1017	S	998	S
1018	T	999	T
1019	A	1000	A
1020	F	1001	F
1021	I	1002	I
1022	P	1003	P
1023	L	1004	L
1024	I	1005	I
1025	S	1006	S
1026	T	1007	T
1027	R	1008	R
1028	V	1009	V
1029	S	1010	S
1030	L	1011	L
1031	R	1012	R
1032	K	1013	K
1033	T	1014	T
1034	R	1015	R
1035	Q	1016	Q
1036	P	1017	P
1037	P	1018	P
1038	E	1019	E
1039	R	1020	R
1040	I	1021	I
1041	A	1022	A
1042	S	1023	S
1043	G	1024	G
1044	A	1025	A
1045	I	1026	I
1046	T	1027	T
1047	K	1028	K
1048	G	1029	G
1049	V	1030	V
1050	V	1031	V
1051	L	1032	L
1052	D	1033	D
1053	S	1034	S
1054	T	1035	T
1055	E	1036	E
1056	A	1037	A
1057	L	1038	L
1058	C	1039	C
1059	L	1040	L
1060	A	1041	A
1061	I	1042	I
1062	S	1043	S
1063	R	1044	R
1064	N	1045	N
1065	S	1046	S
1066	E	1047	E
1067	Q	1048	Q
1068	M	1049	M
1069	A	1050	A
1070	S	1051	S
1071	H	1052	H
1072	S	1053	S
1073	A	1054	A
1074	V	1055	V
1075	L	1056	L
1076	E	1057	E
1077	A	1058	A
1078	G	1059	G
1079	K	1060	K
1080	N	1061	N
1081	L	1062	L
1082	Y	1063	Y
1083	T	1064	T
1084	F	1065	F
1085	C	1066	C
1086	V	1067	V
1087	S	1068	S
1088	Y	1069	Y
1089	V	1070	V
1090	D	1071	D
1091	S	1072	S
1092	I	1073	I
1093	Q	1074	Q
1094	Q	1075	Q
1095	M	1076	M
1096	R	1077	R
1097	N	1078	N
1098	K	1079	K
1099	F	1080	F
1100	A	1081	A
1101	F	1082	F
1102	R	1083	R
1103	E	1084	E
1104	A	1085	A
1105	I	1086	I
1106	N	1087	N
1107	K	1088	K
1108	L	1089	L
1109	E	1090	E
1110	N	1091	N
1111	N	1092	N
1112	L	1093	L
1113	R	1094	R
1114	E	1095	E
1115	L	1096	L
1116	Q	1097	Q
1117	I	1098	I
1118	C	1099	C
1119	P	1100	P
1120	A	1101	A
1121	T	1102	T
1122	A	1103	A
1123	G	1104	G
1124	S	1105	S
1125	G	1106	G
1126	P	1107	P
1127	A	1108	A
1128	A	1109	A
1129	T	1110	T
1130	Q	1111	Q
1131	D	1112	D
1132	F	1113	F
1133	S	1114	S
1134	K	1115	K
1135	L	1116	L
1136	L	1117	L
1137	S	1118	S
1138	S	1119	S
1139	V	1120	V
1140	K	1121	K
1141	E	1122	E
1142	I	1123	I
1143	S	1124	S
1144	D	1125	D
1145	I	1126	I
1146	V	1127	V
1147	Q	1128	Q
1148	R	1129	R
